X,Y,month,day,FFMC,DMC,DC,ISI,temp,RH,wind,rain,area,season,rain_present,fire_weather_score,dryness_index,wind_effect,fuel_moisture_deficit,month_num,month_sin,month_cos,day_num,day_sin,day_cos,location_cluster
7,5,mar,fri,86.2,26.2,94.3,5.1,8.2,51,6.7,0.0,0.0,Spring,0,211.79999999999998,0.1576923076923077,54.94,0.5038461538461538,3,1.0,6.123233995736766e-17,5,-0.9749279121818236,-0.2225209339563146,2
7,4,oct,tue,90.6,35.4,669.1,6.7,18.0,33,0.9,0.0,0.0,Autumn,0,801.8000000000001,0.5294117647058824,16.2,1.0411764705882351,10,-0.8660254037844386,0.5000000000000001,2,0.9749279121818236,-0.22252093395631434,2
7,4,oct,sat,90.6,43.7,686.9,6.7,14.6,33,1.3,0.0,0.0,Autumn,0,827.9000000000001,0.4294117647058823,18.98,1.285294117647059,10,-0.8660254037844386,0.5000000000000001,6,-0.7818314824680299,0.6234898018587334,2
8,6,mar,fri,91.7,33.3,77.5,9.0,8.3,97,4.0,0.2,0.0,Spring,1,211.5,0.08469387755102041,33.2,0.3397959183673469,3,1.0,6.123233995736766e-17,5,-0.9749279121818236,-0.2225209339563146,0
8,6,mar,sun,89.3,51.3,102.2,9.6,11.4,99,1.8,0.0,0.0,Spring,0,252.4,0.114,20.52,0.513,3,1.0,6.123233995736766e-17,7,-2.4492935982947064e-16,1.0,0
8,6,aug,sun,92.3,85.3,488.0,14.7,22.2,29,5.4,0.0,0.0,Summer,0,680.3000000000001,0.74,119.88000000000001,2.8433333333333333,8,-0.8660254037844385,-0.5000000000000004,7,-2.4492935982947064e-16,1.0,0
8,6,aug,mon,92.3,88.9,495.6,8.5,24.1,27,3.1,0.0,0.0,Summer,0,685.3,0.8607142857142858,74.71000000000001,3.1750000000000003,8,-0.8660254037844385,-0.5000000000000004,1,0.7818314824680298,0.6234898018587336,0
8,6,aug,mon,91.5,145.4,608.2,10.7,8.0,86,2.2,0.0,0.0,Summer,0,855.8000000000001,0.09195402298850575,17.6,1.6712643678160921,8,-0.8660254037844385,-0.5000000000000004,1,0.7818314824680298,0.6234898018587336,0
8,6,sep,tue,91.0,129.5,692.6,7.0,13.1,63,5.4,0.0,0.0,Autumn,0,920.1,0.2046875,70.74000000000001,2.0234375,9,-1.0,-1.8369701987210297e-16,2,0.9749279121818236,-0.22252093395631434,0
7,5,sep,sat,92.5,88.0,698.6,7.1,22.8,40,4.0,0.0,0.0,Autumn,0,886.2,0.5560975609756098,91.2,2.1463414634146343,9,-1.0,-1.8369701987210297e-16,6,-0.7818314824680299,0.6234898018587334,2
7,5,sep,sat,92.5,88.0,698.6,7.1,17.8,51,7.2,0.0,0.0,Autumn,0,886.2,0.3423076923076923,128.16,1.6923076923076923,9,-1.0,-1.8369701987210297e-16,6,-0.7818314824680299,0.6234898018587334,2
7,5,sep,sat,92.8,73.2,713.0,22.6,19.3,38,4.0,0.0,0.0,Autumn,0,901.6,0.4948717948717949,77.2,1.876923076923077,9,-1.0,-1.8369701987210297e-16,6,-0.7818314824680299,0.6234898018587334,2
6,5,aug,fri,63.5,70.8,665.3,0.8,17.0,72,6.7,0.0,0.0,Summer,0,800.3999999999999,0.2328767123287671,113.9,0.9698630136986301,8,-0.8660254037844385,-0.5000000000000004,5,-0.9749279121818236,-0.2225209339563146,2
6,5,sep,mon,90.9,126.5,686.5,7.0,21.3,42,2.2,0.0,0.0,Autumn,0,910.9,0.49534883720930234,46.86000000000001,2.941860465116279,9,-1.0,-1.8369701987210297e-16,1,0.7818314824680298,0.6234898018587336,2
6,5,sep,wed,92.9,133.3,699.6,9.2,26.4,21,4.5,0.0,0.0,Autumn,0,935.0000000000001,1.2,118.8,6.0590909090909095,9,-1.0,-1.8369701987210297e-16,3,0.43388373911755823,-0.900968867902419,2
6,5,sep,fri,93.3,141.2,713.9,13.9,22.9,44,5.4,0.0,0.0,Autumn,0,962.3,0.5088888888888888,123.66,3.1377777777777776,9,-1.0,-1.8369701987210297e-16,5,-0.9749279121818236,-0.2225209339563146,2
5,5,mar,sat,91.7,35.8,80.8,7.8,15.1,27,5.4,0.0,0.0,Spring,0,216.10000000000002,0.5392857142857143,81.54,1.2785714285714285,3,1.0,6.123233995736766e-17,6,-0.7818314824680299,0.6234898018587334,3
8,5,oct,mon,84.9,32.8,664.2,3.0,16.7,47,4.9,0.0,0.0,Autumn,0,784.9000000000001,0.34791666666666665,81.83,0.6833333333333332,10,-0.8660254037844386,0.5000000000000001,1,0.7818314824680298,0.6234898018587336,0
6,4,mar,wed,89.2,27.9,70.8,6.3,15.9,35,4.0,0.0,0.0,Spring,0,194.2,0.44166666666666665,63.6,0.7749999999999999,3,1.0,6.123233995736766e-17,3,0.43388373911755823,-0.900968867902419,2
6,4,apr,sat,86.3,27.4,97.1,5.1,9.3,44,4.5,0.0,0.0,Spring,0,215.89999999999998,0.2066666666666667,41.85,0.6088888888888888,4,0.8660254037844387,-0.4999999999999998,6,-0.7818314824680299,0.6234898018587334,2
6,4,sep,tue,91.0,129.5,692.6,7.0,18.3,40,2.7,0.0,0.0,Autumn,0,920.1,0.44634146341463415,49.410000000000004,3.158536585365854,9,-1.0,-1.8369701987210297e-16,2,0.9749279121818236,-0.22252093395631434,2
5,4,sep,mon,91.8,78.5,724.3,9.2,19.1,38,2.7,0.0,0.0,Autumn,0,903.8,0.4897435897435898,51.57000000000001,2.0128205128205128,9,-1.0,-1.8369701987210297e-16,1,0.7818314824680298,0.6234898018587336,3
7,4,jun,sun,94.3,96.3,200.0,56.1,21.0,44,4.5,0.0,0.0,Summer,0,446.70000000000005,0.4666666666666667,94.5,2.14,6,1.2246467991473532e-16,-1.0,7,-2.4492935982947064e-16,1.0,2
7,4,aug,sat,90.2,110.9,537.4,6.2,19.5,43,5.8,0.0,0.0,Summer,0,744.7,0.4431818181818182,113.1,2.5204545454545455,8,-0.8660254037844385,-0.5000000000000004,6,-0.7818314824680299,0.6234898018587334,2
7,4,aug,sat,93.5,139.4,594.2,20.3,23.7,32,5.8,0.0,0.0,Summer,0,847.4,0.7181818181818181,137.45999999999998,4.224242424242425,8,-0.8660254037844385,-0.5000000000000004,6,-0.7818314824680299,0.6234898018587334,2
7,4,aug,sun,91.4,142.4,601.4,10.6,16.3,60,5.4,0.0,0.0,Summer,0,845.8000000000001,0.26721311475409837,88.02000000000001,2.334426229508197,8,-0.8660254037844385,-0.5000000000000004,7,-2.4492935982947064e-16,1.0,2
7,4,sep,fri,92.4,117.9,668.0,12.2,19.0,34,5.8,0.0,0.0,Autumn,0,890.5,0.5428571428571428,110.2,3.3685714285714288,9,-1.0,-1.8369701987210297e-16,5,-0.9749279121818236,-0.2225209339563146,2
7,4,sep,mon,90.9,126.5,686.5,7.0,19.4,48,1.3,0.0,0.0,Autumn,0,910.9,0.39591836734693875,25.22,2.5816326530612246,9,-1.0,-1.8369701987210297e-16,1,0.7818314824680298,0.6234898018587336,2
6,3,sep,sat,93.4,145.4,721.4,8.1,30.2,24,2.7,0.0,0.0,Autumn,0,968.3000000000001,1.208,81.54,5.816,9,-1.0,-1.8369701987210297e-16,6,-0.7818314824680299,0.6234898018587334,2
6,3,sep,sun,93.5,149.3,728.6,8.1,22.8,39,3.6,0.0,0.0,Autumn,0,979.5000000000001,0.5700000000000001,82.08,3.7325000000000004,9,-1.0,-1.8369701987210297e-16,7,-2.4492935982947064e-16,1.0,2
6,3,sep,fri,94.3,85.1,692.3,15.9,25.4,24,3.6,0.0,0.0,Autumn,0,887.5999999999999,1.016,91.44,3.404,9,-1.0,-1.8369701987210297e-16,5,-0.9749279121818236,-0.2225209339563146,2
6,3,sep,mon,88.6,91.8,709.9,7.1,11.2,78,7.6,0.0,0.0,Autumn,0,897.4,0.14177215189873416,85.11999999999999,1.1620253164556962,9,-1.0,-1.8369701987210297e-16,1,0.7818314824680298,0.6234898018587336,2
6,3,sep,fri,88.6,69.7,706.8,5.8,20.6,37,1.8,0.0,0.0,Autumn,0,870.8999999999999,0.5421052631578948,37.080000000000005,1.8342105263157895,9,-1.0,-1.8369701987210297e-16,5,-0.9749279121818236,-0.2225209339563146,2
6,3,sep,sun,91.7,75.6,718.3,7.8,17.7,39,3.6,0.0,0.0,Autumn,0,893.3999999999999,0.4425,63.72,1.89,9,-1.0,-1.8369701987210297e-16,7,-2.4492935982947064e-16,1.0,2
6,3,sep,mon,91.8,78.5,724.3,9.2,21.2,32,2.7,0.0,0.0,Autumn,0,903.8,0.6424242424242425,57.24,2.378787878787879,9,-1.0,-1.8369701987210297e-16,1,0.7818314824680298,0.6234898018587336,2
6,3,sep,tue,90.3,80.7,730.2,6.3,18.2,62,4.5,0.0,0.0,Autumn,0,907.5,0.28888888888888886,81.89999999999999,1.280952380952381,9,-1.0,-1.8369701987210297e-16,2,0.9749279121818236,-0.22252093395631434,2
6,3,oct,tue,90.6,35.4,669.1,6.7,21.7,24,4.5,0.0,0.0,Autumn,0,801.8000000000001,0.868,97.64999999999999,1.416,10,-0.8660254037844386,0.5000000000000001,2,0.9749279121818236,-0.22252093395631434,2
7,4,oct,fri,90.0,41.5,682.6,8.7,11.3,60,5.4,0.0,0.0,Autumn,0,822.8000000000001,0.18524590163934426,61.02000000000001,0.680327868852459,10,-0.8660254037844386,0.5000000000000001,5,-0.9749279121818236,-0.2225209339563146,2
7,3,oct,sat,90.6,43.7,686.9,6.7,17.8,27,4.0,0.0,0.0,Autumn,0,827.9000000000001,0.6357142857142858,71.2,1.5607142857142857,10,-0.8660254037844386,0.5000000000000001,6,-0.7818314824680299,0.6234898018587334,2
4,4,mar,tue,88.1,25.7,67.6,3.8,14.1,43,2.7,0.0,0.0,Spring,0,185.2,0.32045454545454544,38.07,0.5840909090909091,3,1.0,6.123233995736766e-17,2,0.9749279121818236,-0.22252093395631434,3
4,4,jul,tue,79.5,60.6,366.7,1.5,23.3,37,3.1,0.0,0.0,Summer,0,508.29999999999995,0.6131578947368421,72.23,1.5947368421052632,7,-0.4999999999999997,-0.8660254037844388,2,0.9749279121818236,-0.22252093395631434,3
4,4,aug,sat,90.2,96.9,624.2,8.9,18.4,42,6.7,0.0,0.0,Summer,0,820.2,0.42790697674418604,123.27999999999999,2.2534883720930234,8,-0.8660254037844385,-0.5000000000000004,6,-0.7818314824680299,0.6234898018587334,3
4,4,aug,tue,94.8,108.3,647.1,17.0,16.6,54,5.4,0.0,0.0,Summer,0,867.2,0.3018181818181818,89.64000000000001,1.969090909090909,8,-0.8660254037844385,-0.5000000000000004,2,0.9749279121818236,-0.22252093395631434,3
4,4,sep,sat,92.5,88.0,698.6,7.1,19.6,48,2.7,0.0,0.0,Autumn,0,886.2,0.4,52.92000000000001,1.7959183673469388,9,-1.0,-1.8369701987210297e-16,6,-0.7818314824680299,0.6234898018587334,3
4,4,sep,wed,90.1,82.9,735.7,6.2,12.9,74,4.9,0.0,0.0,Autumn,0,914.9000000000001,0.17200000000000001,63.21000000000001,1.1053333333333335,9,-1.0,-1.8369701987210297e-16,3,0.43388373911755823,-0.900968867902419,3
5,6,sep,wed,94.3,85.1,692.3,15.9,25.9,24,4.0,0.0,0.0,Autumn,0,887.5999999999999,1.036,103.6,3.404,9,-1.0,-1.8369701987210297e-16,3,0.43388373911755823,-0.900968867902419,3
5,6,sep,mon,90.9,126.5,686.5,7.0,14.7,70,3.6,0.0,0.0,Autumn,0,910.9,0.20704225352112676,52.92,1.7816901408450705,9,-1.0,-1.8369701987210297e-16,1,0.7818314824680298,0.6234898018587336,3
6,6,jul,mon,94.2,62.3,442.9,11.0,23.0,36,3.1,0.0,0.0,Summer,0,610.4,0.6216216216216216,71.3,1.6837837837837837,7,-0.4999999999999997,-0.8660254037844388,1,0.7818314824680298,0.6234898018587336,2
4,4,mar,mon,87.2,23.9,64.7,4.1,11.8,35,1.8,0.0,0.0,Spring,0,179.9,0.3277777777777778,21.240000000000002,0.6638888888888889,3,1.0,6.123233995736766e-17,1,0.7818314824680298,0.6234898018587336,3
4,4,mar,mon,87.6,52.2,103.8,5.0,11.0,46,5.8,0.0,0.0,Spring,0,248.60000000000002,0.23404255319148937,63.8,1.1106382978723406,3,1.0,6.123233995736766e-17,1,0.7818314824680298,0.6234898018587336,3
4,4,sep,thu,92.9,137.0,706.4,9.2,20.8,17,1.3,0.0,0.0,Autumn,0,945.5,1.1555555555555557,27.040000000000003,7.611111111111111,9,-1.0,-1.8369701987210297e-16,4,-0.433883739117558,-0.9009688679024191,3
4,3,aug,sun,90.2,99.6,631.2,6.3,21.5,34,2.2,0.0,0.0,Summer,0,827.3,0.6142857142857143,47.300000000000004,2.8457142857142856,8,-0.8660254037844385,-0.5000000000000004,7,-2.4492935982947064e-16,1.0,3
4,3,aug,wed,92.1,111.2,654.1,9.6,20.4,42,4.9,0.0,0.0,Summer,0,867.0000000000001,0.47441860465116276,99.96,2.586046511627907,8,-0.8660254037844385,-0.5000000000000004,3,0.43388373911755823,-0.900968867902419,3
4,3,aug,thu,91.7,114.3,661.3,6.3,17.6,45,3.6,0.0,0.0,Summer,0,873.5999999999999,0.3826086956521739,63.36000000000001,2.484782608695652,8,-0.8660254037844385,-0.5000000000000004,4,-0.433883739117558,-0.9009688679024191,3
4,3,sep,thu,92.9,137.0,706.4,9.2,27.7,24,2.2,0.0,0.0,Autumn,0,945.5,1.1079999999999999,60.940000000000005,5.48,9,-1.0,-1.8369701987210297e-16,4,-0.433883739117558,-0.9009688679024191,3
4,3,sep,tue,90.3,80.7,730.2,6.3,17.8,63,4.9,0.0,0.0,Autumn,0,907.5,0.278125,87.22000000000001,1.2609375,9,-1.0,-1.8369701987210297e-16,2,0.9749279121818236,-0.22252093395631434,3
4,3,oct,sun,92.6,46.5,691.8,8.8,13.8,50,2.7,0.0,0.0,Autumn,0,839.6999999999999,0.2705882352941177,37.260000000000005,0.9117647058823529,10,-0.8660254037844386,0.5000000000000001,7,-2.4492935982947064e-16,1.0,3
2,2,feb,mon,84.0,9.3,34.0,2.1,13.9,40,5.4,0.0,0.0,Winter,0,129.4,0.33902439024390246,75.06,0.22682926829268293,2,0.8660254037844386,0.5000000000000001,1,0.7818314824680298,0.6234898018587336,1
2,2,feb,fri,86.6,13.2,43.0,5.3,12.3,51,0.9,0.0,0.0,Winter,0,148.10000000000002,0.23653846153846156,11.07,0.25384615384615383,2,0.8660254037844386,0.5000000000000001,5,-0.9749279121818236,-0.2225209339563146,1
2,2,mar,sun,89.3,51.3,102.2,9.6,11.5,39,5.8,0.0,0.0,Spring,0,252.4,0.2875,66.7,1.2825,3,1.0,6.123233995736766e-17,7,-2.4492935982947064e-16,1.0,1
2,2,mar,sun,89.3,51.3,102.2,9.6,5.5,59,6.3,0.0,0.0,Spring,0,252.4,0.09166666666666666,34.65,0.855,3,1.0,6.123233995736766e-17,7,-2.4492935982947064e-16,1.0,1
2,2,aug,thu,93.0,75.3,466.6,7.7,18.8,35,4.9,0.0,0.0,Summer,0,642.6000000000001,0.5222222222222223,92.12,2.091666666666667,8,-0.8660254037844385,-0.5000000000000004,4,-0.433883739117558,-0.9009688679024191,1
2,2,aug,sun,90.2,99.6,631.2,6.3,20.8,33,2.7,0.0,0.0,Summer,0,827.3,0.611764705882353,56.160000000000004,2.929411764705882,8,-0.8660254037844385,-0.5000000000000004,7,-2.4492935982947064e-16,1.0,1
2,2,aug,mon,91.1,103.2,638.8,5.8,23.1,31,3.1,0.0,0.0,Summer,0,838.8999999999999,0.721875,71.61,3.225,8,-0.8660254037844385,-0.5000000000000004,1,0.7818314824680298,0.6234898018587336,1
2,2,aug,thu,91.7,114.3,661.3,6.3,18.6,44,4.5,0.0,0.0,Summer,0,873.5999999999999,0.4133333333333334,83.7,2.54,8,-0.8660254037844385,-0.5000000000000004,4,-0.433883739117558,-0.9009688679024191,1
2,2,sep,fri,92.4,117.9,668.0,12.2,23.0,37,4.5,0.0,0.0,Autumn,0,890.5,0.6052631578947368,103.5,3.1026315789473684,9,-1.0,-1.8369701987210297e-16,5,-0.9749279121818236,-0.2225209339563146,1
2,2,sep,fri,92.4,117.9,668.0,12.2,19.6,33,5.4,0.0,0.0,Autumn,0,890.5,0.5764705882352942,105.84000000000002,3.4676470588235295,9,-1.0,-1.8369701987210297e-16,5,-0.9749279121818236,-0.2225209339563146,1
2,2,sep,fri,92.4,117.9,668.0,12.2,19.6,33,6.3,0.0,0.0,Autumn,0,890.5,0.5764705882352942,123.48,3.4676470588235295,9,-1.0,-1.8369701987210297e-16,5,-0.9749279121818236,-0.2225209339563146,1
4,5,mar,fri,91.7,33.3,77.5,9.0,17.2,26,4.5,0.0,0.0,Spring,0,211.5,0.637037037037037,77.39999999999999,1.2333333333333332,3,1.0,6.123233995736766e-17,5,-0.9749279121818236,-0.2225209339563146,3
4,5,mar,fri,91.2,48.3,97.8,12.5,15.8,27,7.6,0.0,0.0,Spring,0,249.8,0.5642857142857143,120.08,1.7249999999999999,3,1.0,6.123233995736766e-17,5,-0.9749279121818236,-0.2225209339563146,3
4,5,sep,fri,94.3,85.1,692.3,15.9,17.7,37,3.6,0.0,0.0,Autumn,0,887.5999999999999,0.46578947368421053,63.72,2.2394736842105263,9,-1.0,-1.8369701987210297e-16,5,-0.9749279121818236,-0.2225209339563146,3
5,4,mar,fri,91.7,33.3,77.5,9.0,15.6,25,6.3,0.0,0.0,Spring,0,211.5,0.6,98.28,1.2807692307692307,3,1.0,6.123233995736766e-17,5,-0.9749279121818236,-0.2225209339563146,3
5,4,aug,tue,88.8,147.3,614.5,9.0,17.3,43,4.5,0.0,0.0,Summer,0,859.6,0.3931818181818182,77.85000000000001,3.347727272727273,8,-0.8660254037844385,-0.5000000000000004,2,0.9749279121818236,-0.22252093395631434,3
5,4,sep,fri,93.3,141.2,713.9,13.9,27.6,30,1.3,0.0,0.0,Autumn,0,962.3,0.8903225806451613,35.88,4.554838709677419,9,-1.0,-1.8369701987210297e-16,5,-0.9749279121818236,-0.2225209339563146,3
9,9,feb,thu,84.2,6.8,26.6,7.7,6.7,79,3.1,0.0,0.0,Winter,0,125.3,0.08375,20.77,0.08499999999999999,2,0.8660254037844386,0.5000000000000001,4,-0.433883739117558,-0.9009688679024191,0
9,9,feb,fri,86.6,13.2,43.0,5.3,15.7,43,3.1,0.0,0.0,Winter,0,148.10000000000002,0.3568181818181818,48.67,0.3,2,0.8660254037844386,0.5000000000000001,5,-0.9749279121818236,-0.2225209339563146,0
1,3,mar,mon,87.6,52.2,103.8,5.0,8.3,72,3.1,0.0,0.0,Spring,0,248.60000000000002,0.1136986301369863,25.730000000000004,0.715068493150685,3,1.0,6.123233995736766e-17,1,0.7818314824680298,0.6234898018587336,1
1,2,aug,fri,90.1,108.0,529.8,12.5,14.7,66,2.7,0.0,0.0,Summer,0,740.4,0.21940298507462686,39.69,1.6119402985074627,8,-0.8660254037844385,-0.5000000000000004,5,-0.9749279121818236,-0.2225209339563146,1
1,2,aug,tue,91.0,121.2,561.6,7.0,21.6,19,6.7,0.0,0.0,Summer,0,780.8,1.08,144.72000000000003,6.0600000000000005,8,-0.8660254037844385,-0.5000000000000004,2,0.9749279121818236,-0.22252093395631434,1
1,2,aug,sun,91.4,142.4,601.4,10.6,19.5,39,6.3,0.0,0.0,Summer,0,845.8000000000001,0.4875,122.85,3.56,8,-0.8660254037844385,-0.5000000000000004,7,-2.4492935982947064e-16,1.0,1
1,2,aug,sun,90.2,99.6,631.2,6.3,17.9,44,2.2,0.0,0.0,Summer,0,827.3,0.39777777777777773,39.38,2.2133333333333334,8,-0.8660254037844385,-0.5000000000000004,7,-2.4492935982947064e-16,1.0,1
1,2,aug,tue,94.8,108.3,647.1,17.0,18.6,51,4.5,0.0,0.0,Summer,0,867.2,0.3576923076923077,83.7,2.082692307692308,8,-0.8660254037844385,-0.5000000000000004,2,0.9749279121818236,-0.22252093395631434,1
1,2,aug,wed,92.1,111.2,654.1,9.6,16.6,47,0.9,0.0,0.0,Summer,0,867.0000000000001,0.3458333333333334,14.940000000000001,2.316666666666667,8,-0.8660254037844385,-0.5000000000000004,3,0.43388373911755823,-0.900968867902419,1
1,2,aug,thu,91.7,114.3,661.3,6.3,20.2,45,3.6,0.0,0.0,Summer,0,873.5999999999999,0.43913043478260866,72.72,2.484782608695652,8,-0.8660254037844385,-0.5000000000000004,4,-0.433883739117558,-0.9009688679024191,1
1,2,sep,thu,92.9,137.0,706.4,9.2,21.5,15,0.9,0.0,0.0,Autumn,0,945.5,1.34375,19.35,8.5625,9,-1.0,-1.8369701987210297e-16,4,-0.433883739117558,-0.9009688679024191,1
1,2,sep,thu,92.9,137.0,706.4,9.2,25.4,27,2.2,0.0,0.0,Autumn,0,945.5,0.9071428571428571,55.88,4.892857142857143,9,-1.0,-1.8369701987210297e-16,4,-0.433883739117558,-0.9009688679024191,1
1,2,sep,thu,92.9,137.0,706.4,9.2,22.4,34,2.2,0.0,0.0,Autumn,0,945.5,0.64,49.28,3.914285714285714,9,-1.0,-1.8369701987210297e-16,4,-0.433883739117558,-0.9009688679024191,1
1,2,sep,sun,93.5,149.3,728.6,8.1,25.3,36,3.6,0.0,0.0,Autumn,0,979.5000000000001,0.6837837837837838,91.08,4.035135135135135,9,-1.0,-1.8369701987210297e-16,7,-2.4492935982947064e-16,1.0,1
6,5,mar,sat,91.7,35.8,80.8,7.8,17.4,25,4.9,0.0,0.0,Spring,0,216.10000000000002,0.6692307692307692,85.26,1.376923076923077,3,1.0,6.123233995736766e-17,6,-0.7818314824680299,0.6234898018587334,2
6,5,aug,sat,90.2,96.9,624.2,8.9,14.7,59,5.8,0.0,0.0,Summer,0,820.2,0.245,85.25999999999999,1.615,8,-0.8660254037844385,-0.5000000000000004,6,-0.7818314824680299,0.6234898018587334,2
8,6,mar,fri,91.7,35.8,80.8,7.8,17.4,24,5.4,0.0,0.0,Spring,0,216.10000000000002,0.696,93.96,1.432,3,1.0,6.123233995736766e-17,5,-0.9749279121818236,-0.2225209339563146,0
8,6,aug,sun,92.3,85.3,488.0,14.7,20.8,32,6.3,0.0,0.0,Summer,0,680.3000000000001,0.6303030303030304,131.04,2.584848484848485,8,-0.8660254037844385,-0.5000000000000004,7,-2.4492935982947064e-16,1.0,0
8,6,aug,sun,91.4,142.4,601.4,10.6,18.2,43,4.9,0.0,0.0,Summer,0,845.8000000000001,0.41363636363636364,89.18,3.2363636363636363,8,-0.8660254037844385,-0.5000000000000004,7,-2.4492935982947064e-16,1.0,0
8,6,aug,mon,91.1,103.2,638.8,5.8,23.4,22,2.7,0.0,0.0,Summer,0,838.8999999999999,1.017391304347826,63.18,4.48695652173913,8,-0.8660254037844385,-0.5000000000000004,1,0.7818314824680298,0.6234898018587336,0
4,4,sep,sun,89.7,90.0,704.4,4.8,17.8,64,1.3,0.0,0.0,Autumn,0,888.8999999999999,0.27384615384615385,23.14,1.3846153846153846,9,-1.0,-1.8369701987210297e-16,7,-2.4492935982947064e-16,1.0,3
3,4,feb,sat,83.9,8.0,30.2,2.6,12.7,48,1.8,0.0,0.0,Winter,0,124.7,0.25918367346938775,22.86,0.16326530612244897,2,0.8660254037844386,0.5000000000000001,6,-0.7818314824680299,0.6234898018587334,3
3,4,mar,sat,69.0,2.4,15.5,0.7,17.4,24,5.4,0.0,0.0,Spring,0,87.60000000000001,0.696,93.96,0.096,3,1.0,6.123233995736766e-17,6,-0.7818314824680299,0.6234898018587334,3
3,4,aug,sun,91.4,142.4,601.4,10.6,11.6,87,4.5,0.0,0.0,Summer,0,845.8000000000001,0.1318181818181818,52.199999999999996,1.6181818181818182,8,-0.8660254037844385,-0.5000000000000004,7,-2.4492935982947064e-16,1.0,3
3,4,aug,sun,91.4,142.4,601.4,10.6,19.8,39,5.4,0.0,0.0,Summer,0,845.8000000000001,0.495,106.92000000000002,3.56,8,-0.8660254037844385,-0.5000000000000004,7,-2.4492935982947064e-16,1.0,3
3,4,aug,tue,88.8,147.3,614.5,9.0,14.4,66,5.4,0.0,0.0,Summer,0,859.6,0.21492537313432836,77.76,2.1985074626865675,8,-0.8660254037844385,-0.5000000000000004,2,0.9749279121818236,-0.22252093395631434,3
2,4,aug,tue,94.8,108.3,647.1,17.0,20.1,40,4.0,0.0,0.0,Summer,0,867.2,0.49024390243902444,80.4,2.6414634146341465,8,-0.8660254037844385,-0.5000000000000004,2,0.9749279121818236,-0.22252093395631434,1
2,4,sep,sat,92.5,121.1,674.4,8.6,24.1,29,4.5,0.0,0.0,Autumn,0,896.6,0.8033333333333333,108.45,4.036666666666666,9,-1.0,-1.8369701987210297e-16,6,-0.7818314824680299,0.6234898018587334,1
2,4,jan,sat,82.1,3.7,9.3,2.9,5.3,78,3.1,0.0,0.0,Winter,0,98.0,0.0670886075949367,16.43,0.04683544303797468,1,0.49999999999999994,0.8660254037844387,6,-0.7818314824680299,0.6234898018587334,1
4,5,mar,fri,85.9,19.5,57.3,2.8,12.7,52,6.3,0.0,0.0,Spring,0,165.5,0.23962264150943394,80.00999999999999,0.36792452830188677,3,1.0,6.123233995736766e-17,5,-0.9749279121818236,-0.2225209339563146,3
4,5,mar,thu,91.4,30.7,74.3,7.5,18.2,29,3.1,0.0,0.0,Spring,0,203.9,0.6066666666666667,56.42,1.0233333333333332,3,1.0,6.123233995736766e-17,4,-0.433883739117558,-0.9009688679024191,3
4,5,aug,sun,90.2,99.6,631.2,6.3,21.4,33,3.1,0.0,0.0,Summer,0,827.3,0.6294117647058823,66.34,2.929411764705882,8,-0.8660254037844385,-0.5000000000000004,7,-2.4492935982947064e-16,1.0,3
4,5,sep,sat,92.5,88.0,698.6,7.1,20.3,45,3.1,0.0,0.0,Autumn,0,886.2,0.44130434782608696,62.93000000000001,1.9130434782608696,9,-1.0,-1.8369701987210297e-16,6,-0.7818314824680299,0.6234898018587334,3
4,5,sep,mon,88.6,91.8,709.9,7.1,17.4,56,5.4,0.0,0.0,Autumn,0,897.4,0.3052631578947368,93.96,1.6105263157894736,9,-1.0,-1.8369701987210297e-16,1,0.7818314824680298,0.6234898018587336,3
4,4,mar,fri,85.9,19.5,57.3,2.8,13.7,43,5.8,0.0,0.0,Spring,0,165.5,0.31136363636363634,79.46,0.4431818181818182,3,1.0,6.123233995736766e-17,5,-0.9749279121818236,-0.2225209339563146,3
3,4,mar,fri,91.7,33.3,77.5,9.0,18.8,18,4.5,0.0,0.0,Spring,0,211.5,0.9894736842105264,84.60000000000001,1.7526315789473683,3,1.0,6.123233995736766e-17,5,-0.9749279121818236,-0.2225209339563146,3
3,4,sep,sun,89.7,90.0,704.4,4.8,22.8,39,3.6,0.0,0.0,Autumn,0,888.8999999999999,0.5700000000000001,82.08,2.25,9,-1.0,-1.8369701987210297e-16,7,-2.4492935982947064e-16,1.0,3
3,4,sep,mon,91.8,78.5,724.3,9.2,18.9,35,2.7,0.0,0.0,Autumn,0,903.8,0.5249999999999999,51.03,2.1805555555555554,9,-1.0,-1.8369701987210297e-16,1,0.7818314824680298,0.6234898018587336,3
3,4,mar,tue,88.1,25.7,67.6,3.8,15.8,27,7.6,0.0,0.0,Spring,0,185.2,0.5642857142857143,120.08,0.9178571428571428,3,1.0,6.123233995736766e-17,2,0.9749279121818236,-0.22252093395631434,3
3,5,mar,tue,88.1,25.7,67.6,3.8,15.5,27,6.3,0.0,0.0,Spring,0,185.2,0.5535714285714286,97.64999999999999,0.9178571428571428,3,1.0,6.123233995736766e-17,2,0.9749279121818236,-0.22252093395631434,3
3,4,mar,sat,91.7,35.8,80.8,7.8,11.6,30,6.3,0.0,0.0,Spring,0,216.10000000000002,0.3741935483870968,73.08,1.1548387096774193,3,1.0,6.123233995736766e-17,6,-0.7818314824680299,0.6234898018587334,3
3,4,mar,sat,91.7,35.8,80.8,7.8,15.2,27,4.9,0.0,0.0,Spring,0,216.10000000000002,0.5428571428571428,74.48,1.2785714285714285,3,1.0,6.123233995736766e-17,6,-0.7818314824680299,0.6234898018587334,3
3,4,mar,mon,90.1,39.7,86.6,6.2,10.6,30,4.0,0.0,0.0,Spring,0,222.6,0.3419354838709677,42.4,1.2806451612903227,3,1.0,6.123233995736766e-17,1,0.7818314824680298,0.6234898018587336,3
3,4,aug,thu,93.0,75.3,466.6,7.7,19.6,36,3.1,0.0,0.0,Summer,0,642.6000000000001,0.5297297297297298,60.760000000000005,2.035135135135135,8,-0.8660254037844385,-0.5000000000000004,4,-0.433883739117558,-0.9009688679024191,3
3,4,aug,mon,91.5,145.4,608.2,10.7,10.3,74,2.2,0.0,0.0,Summer,0,855.8000000000001,0.13733333333333334,22.660000000000004,1.9386666666666668,8,-0.8660254037844385,-0.5000000000000004,1,0.7818314824680298,0.6234898018587336,3
3,4,aug,mon,91.5,145.4,608.2,10.7,17.1,43,5.4,0.0,0.0,Summer,0,855.8000000000001,0.38863636363636367,92.34000000000002,3.3045454545454547,8,-0.8660254037844385,-0.5000000000000004,1,0.7818314824680298,0.6234898018587336,3
3,4,sep,sun,92.4,124.1,680.7,8.5,22.5,42,5.4,0.0,0.0,Autumn,0,905.7,0.5232558139534884,121.50000000000001,2.886046511627907,9,-1.0,-1.8369701987210297e-16,7,-2.4492935982947064e-16,1.0,3
3,4,sep,tue,84.4,73.4,671.9,3.2,17.9,45,3.1,0.0,0.0,Autumn,0,832.9000000000001,0.38913043478260867,55.489999999999995,1.5956521739130436,9,-1.0,-1.8369701987210297e-16,2,0.9749279121818236,-0.22252093395631434,3
3,4,sep,fri,94.3,85.1,692.3,15.9,19.8,50,5.4,0.0,0.0,Autumn,0,887.5999999999999,0.38823529411764707,106.92000000000002,1.668627450980392,9,-1.0,-1.8369701987210297e-16,5,-0.9749279121818236,-0.2225209339563146,3
3,4,oct,sun,92.6,46.5,691.8,8.8,20.6,24,5.4,0.0,0.0,Autumn,0,839.6999999999999,0.8240000000000001,111.24000000000001,1.86,10,-0.8660254037844386,0.5000000000000001,7,-2.4492935982947064e-16,1.0,3
3,5,mar,mon,87.6,52.2,103.8,5.0,9.0,49,2.2,0.0,0.0,Spring,0,248.60000000000002,0.18,19.8,1.044,3,1.0,6.123233995736766e-17,1,0.7818314824680298,0.6234898018587336,3
3,5,sep,fri,93.5,149.3,728.6,8.1,17.2,43,3.1,0.0,0.0,Autumn,0,979.5000000000001,0.3909090909090909,53.32,3.3931818181818185,9,-1.0,-1.8369701987210297e-16,5,-0.9749279121818236,-0.2225209339563146,3
3,5,oct,wed,91.4,37.9,673.8,5.2,15.9,46,3.6,0.0,0.0,Autumn,0,808.3,0.3382978723404255,57.24,0.8063829787234043,10,-0.8660254037844386,0.5000000000000001,3,0.43388373911755823,-0.900968867902419,3
2,5,oct,sun,92.6,46.5,691.8,8.8,15.4,35,0.9,0.0,0.0,Autumn,0,839.6999999999999,0.4277777777777778,13.860000000000001,1.2916666666666667,10,-0.8660254037844386,0.5000000000000001,7,-2.4492935982947064e-16,1.0,1
4,6,feb,sat,68.2,21.5,87.2,0.8,15.4,40,2.7,0.0,0.0,Winter,0,177.70000000000002,0.375609756097561,41.580000000000005,0.524390243902439,2,0.8660254037844386,0.5000000000000001,6,-0.7818314824680299,0.6234898018587334,3
4,6,mar,mon,87.2,23.9,64.7,4.1,14.0,39,3.1,0.0,0.0,Spring,0,179.9,0.35,43.4,0.5974999999999999,3,1.0,6.123233995736766e-17,1,0.7818314824680298,0.6234898018587336,3
4,6,mar,sun,89.3,51.3,102.2,9.6,10.6,46,4.9,0.0,0.0,Spring,0,252.4,0.225531914893617,51.940000000000005,1.0914893617021275,3,1.0,6.123233995736766e-17,7,-2.4492935982947064e-16,1.0,3
4,6,sep,thu,93.7,80.9,685.2,17.9,17.6,42,3.1,0.0,0.0,Autumn,0,877.7,0.4093023255813954,54.56000000000001,1.8813953488372095,9,-1.0,-1.8369701987210297e-16,4,-0.433883739117558,-0.9009688679024191,3
3,5,mar,tue,88.1,25.7,67.6,3.8,14.9,38,2.7,0.0,0.0,Spring,0,185.2,0.3820512820512821,40.230000000000004,0.658974358974359,3,1.0,6.123233995736766e-17,2,0.9749279121818236,-0.22252093395631434,3
3,5,aug,sat,93.5,139.4,594.2,20.3,17.6,52,5.8,0.0,0.0,Summer,0,847.4,0.33207547169811324,102.08,2.630188679245283,8,-0.8660254037844385,-0.5000000000000004,6,-0.7818314824680299,0.6234898018587334,3
3,6,sep,sun,92.4,124.1,680.7,8.5,17.2,58,1.3,0.0,0.0,Autumn,0,905.7,0.29152542372881357,22.36,2.1033898305084744,9,-1.0,-1.8369701987210297e-16,7,-2.4492935982947064e-16,1.0,3
3,6,sep,mon,90.9,126.5,686.5,7.0,15.6,66,3.1,0.0,0.0,Autumn,0,910.9,0.23283582089552238,48.36,1.8880597014925373,9,-1.0,-1.8369701987210297e-16,1,0.7818314824680298,0.6234898018587336,3
9,9,jul,tue,85.8,48.3,313.4,3.9,18.0,42,2.7,0.0,0.36,Summer,0,451.4,0.4186046511627907,48.6,1.1232558139534883,7,-0.4999999999999997,-0.8660254037844388,2,0.9749279121818236,-0.22252093395631434,0
1,4,sep,tue,91.0,129.5,692.6,7.0,21.7,38,2.2,0.0,0.43,Autumn,0,920.1,0.5564102564102564,47.74,3.3205128205128207,9,-1.0,-1.8369701987210297e-16,2,0.9749279121818236,-0.22252093395631434,1
2,5,sep,mon,90.9,126.5,686.5,7.0,21.9,39,1.8,0.0,0.47,Autumn,0,910.9,0.5475,39.42,3.1625,9,-1.0,-1.8369701987210297e-16,1,0.7818314824680298,0.6234898018587336,1
1,2,aug,wed,95.5,99.9,513.3,13.2,23.3,31,4.5,0.0,0.55,Summer,0,721.9,0.728125,104.85000000000001,3.121875,8,-0.8660254037844385,-0.5000000000000004,3,0.43388373911755823,-0.900968867902419,1
8,6,aug,fri,90.1,108.0,529.8,12.5,21.2,51,8.9,0.0,0.61,Summer,0,740.4,0.4076923076923077,188.68,2.076923076923077,8,-0.8660254037844385,-0.5000000000000004,5,-0.9749279121818236,-0.2225209339563146,0
1,2,jul,sat,90.0,51.3,296.3,8.7,16.6,53,5.4,0.0,0.71,Summer,0,446.3,0.3074074074074074,89.64000000000001,0.95,7,-0.4999999999999997,-0.8660254037844388,6,-0.7818314824680299,0.6234898018587334,1
2,5,aug,wed,95.5,99.9,513.3,13.2,23.8,32,5.4,0.0,0.77,Summer,0,721.9,0.7212121212121212,128.52,3.0272727272727273,8,-0.8660254037844385,-0.5000000000000004,3,0.43388373911755823,-0.900968867902419,1
6,5,aug,thu,95.2,131.7,578.8,10.4,27.4,22,4.0,0.0,0.9,Summer,0,816.0999999999999,1.191304347826087,109.6,5.726086956521739,8,-0.8660254037844385,-0.5000000000000004,4,-0.433883739117558,-0.9009688679024191,2
5,4,mar,mon,90.1,39.7,86.6,6.2,13.2,40,5.4,0.0,0.95,Spring,0,222.6,0.32195121951219513,71.28,0.9682926829268294,3,1.0,6.123233995736766e-17,1,0.7818314824680298,0.6234898018587336,3
8,3,sep,tue,84.4,73.4,671.9,3.2,24.2,28,3.6,0.0,0.96,Autumn,0,832.9000000000001,0.8344827586206897,87.12,2.531034482758621,9,-1.0,-1.8369701987210297e-16,2,0.9749279121818236,-0.22252093395631434,2
2,2,aug,tue,94.8,108.3,647.1,17.0,17.4,43,6.7,0.0,1.07,Summer,0,867.2,0.39545454545454545,116.58,2.4613636363636364,8,-0.8660254037844385,-0.5000000000000004,2,0.9749279121818236,-0.22252093395631434,1
8,6,sep,thu,93.7,80.9,685.2,17.9,23.7,25,4.5,0.0,1.12,Autumn,0,877.7,0.9115384615384615,106.64999999999999,3.1115384615384616,9,-1.0,-1.8369701987210297e-16,4,-0.433883739117558,-0.9009688679024191,0
6,5,jun,fri,92.5,56.4,433.3,7.1,23.2,39,5.4,0.0,1.19,Summer,0,589.3000000000001,0.58,125.28,1.41,6,1.2246467991473532e-16,-1.0,5,-0.9749279121818236,-0.2225209339563146,2
9,9,jul,sun,90.1,68.6,355.2,7.2,24.8,29,2.2,0.0,1.36,Summer,0,521.1,0.8266666666666667,54.56000000000001,2.2866666666666666,7,-0.4999999999999997,-0.8660254037844388,7,-2.4492935982947064e-16,1.0,0
3,4,jul,sat,90.1,51.2,424.1,6.2,24.6,43,1.8,0.0,1.43,Summer,0,571.6000000000001,0.5590909090909091,44.28,1.1636363636363638,7,-0.4999999999999997,-0.8660254037844388,6,-0.7818314824680299,0.6234898018587334,3
5,4,sep,fri,94.3,85.1,692.3,15.9,20.1,47,4.9,0.0,1.46,Autumn,0,887.5999999999999,0.41875,98.49000000000001,1.7729166666666665,9,-1.0,-1.8369701987210297e-16,5,-0.9749279121818236,-0.2225209339563146,3
1,5,sep,sat,93.4,145.4,721.4,8.1,29.6,27,2.7,0.0,1.46,Autumn,0,968.3000000000001,1.0571428571428572,79.92000000000002,5.192857142857143,9,-1.0,-1.8369701987210297e-16,6,-0.7818314824680299,0.6234898018587334,1
7,4,aug,sun,94.8,108.3,647.1,17.0,16.4,47,1.3,0.0,1.56,Summer,0,867.2,0.3416666666666666,21.32,2.25625,8,-0.8660254037844385,-0.5000000000000004,7,-2.4492935982947064e-16,1.0,2
2,4,sep,sat,93.4,145.4,721.4,8.1,28.6,27,2.2,0.0,1.61,Autumn,0,968.3000000000001,1.0214285714285716,62.92000000000001,5.192857142857143,9,-1.0,-1.8369701987210297e-16,6,-0.7818314824680299,0.6234898018587334,1
2,2,aug,wed,92.1,111.2,654.1,9.6,18.4,45,3.6,0.0,1.63,Summer,0,867.0000000000001,0.39999999999999997,66.24,2.4173913043478263,8,-0.8660254037844385,-0.5000000000000004,3,0.43388373911755823,-0.900968867902419,1
2,4,aug,wed,92.1,111.2,654.1,9.6,20.5,35,4.0,0.0,1.64,Summer,0,867.0000000000001,0.5694444444444444,82.0,3.088888888888889,8,-0.8660254037844385,-0.5000000000000004,3,0.43388373911755823,-0.900968867902419,1
7,4,sep,fri,92.4,117.9,668.0,12.2,19.0,34,5.8,0.0,1.69,Autumn,0,890.5,0.5428571428571428,110.2,3.3685714285714288,9,-1.0,-1.8369701987210297e-16,5,-0.9749279121818236,-0.2225209339563146,2
7,4,mar,mon,90.1,39.7,86.6,6.2,16.1,29,3.1,0.0,1.75,Spring,0,222.6,0.5366666666666667,49.910000000000004,1.3233333333333335,3,1.0,6.123233995736766e-17,1,0.7818314824680298,0.6234898018587336,2
6,4,aug,thu,95.2,131.7,578.8,10.4,20.3,41,4.0,0.0,1.9,Summer,0,816.0999999999999,0.48333333333333334,81.2,3.1357142857142852,8,-0.8660254037844385,-0.5000000000000004,4,-0.433883739117558,-0.9009688679024191,2
6,3,mar,sat,90.6,50.1,100.4,7.8,15.2,31,8.5,0.0,1.94,Spring,0,248.9,0.475,129.2,1.565625,3,1.0,6.123233995736766e-17,6,-0.7818314824680299,0.6234898018587334,2
8,6,sep,sat,92.5,121.1,674.4,8.6,17.8,56,1.8,0.0,1.95,Autumn,0,896.6,0.312280701754386,32.04,2.1245614035087717,9,-1.0,-1.8369701987210297e-16,6,-0.7818314824680299,0.6234898018587334,0
8,5,sep,sun,89.7,90.0,704.4,4.8,17.8,67,2.2,0.0,2.01,Autumn,0,888.8999999999999,0.26176470588235295,39.160000000000004,1.3235294117647058,9,-1.0,-1.8369701987210297e-16,7,-2.4492935982947064e-16,1.0,0
6,5,mar,thu,84.9,18.2,55.0,3.0,5.3,70,4.5,0.0,2.14,Spring,0,161.10000000000002,0.07464788732394366,23.849999999999998,0.2563380281690141,3,1.0,6.123233995736766e-17,4,-0.433883739117558,-0.9009688679024191,2
6,5,aug,wed,92.1,111.2,654.1,9.6,16.6,47,0.9,0.0,2.29,Summer,0,867.0000000000001,0.3458333333333334,14.940000000000001,2.316666666666667,8,-0.8660254037844385,-0.5000000000000004,3,0.43388373911755823,-0.900968867902419,2
6,5,aug,wed,96.0,127.1,570.5,16.5,23.4,33,4.5,0.0,2.51,Summer,0,810.1,0.6882352941176471,105.3,3.738235294117647,8,-0.8660254037844385,-0.5000000000000004,3,0.43388373911755823,-0.900968867902419,2
6,5,mar,fri,91.2,48.3,97.8,12.5,14.6,26,9.4,0.0,2.53,Spring,0,249.8,0.5407407407407407,137.24,1.7888888888888888,3,1.0,6.123233995736766e-17,5,-0.9749279121818236,-0.2225209339563146,2
8,6,aug,thu,95.2,131.7,578.8,10.4,20.7,45,2.2,0.0,2.55,Summer,0,816.0999999999999,0.45,45.54,2.8630434782608694,8,-0.8660254037844385,-0.5000000000000004,4,-0.433883739117558,-0.9009688679024191,0
5,4,sep,wed,92.9,133.3,699.6,9.2,21.9,35,1.8,0.0,2.57,Autumn,0,935.0000000000001,0.6083333333333333,39.42,3.702777777777778,9,-1.0,-1.8369701987210297e-16,3,0.43388373911755823,-0.900968867902419,3
8,6,aug,wed,85.6,90.4,609.6,6.6,17.4,50,4.0,0.0,2.69,Summer,0,792.2,0.34117647058823525,69.6,1.7725490196078433,8,-0.8660254037844385,-0.5000000000000004,3,0.43388373911755823,-0.900968867902419,0
7,4,aug,sun,91.4,142.4,601.4,10.6,20.1,39,5.4,0.0,2.74,Summer,0,845.8000000000001,0.5025000000000001,108.54000000000002,3.56,8,-0.8660254037844385,-0.5000000000000004,7,-2.4492935982947064e-16,1.0,2
4,4,sep,mon,90.9,126.5,686.5,7.0,17.7,39,2.2,0.0,3.07,Autumn,0,910.9,0.4425,38.940000000000005,3.1625,9,-1.0,-1.8369701987210297e-16,1,0.7818314824680298,0.6234898018587336,3
1,4,aug,sat,90.2,96.9,624.2,8.9,14.2,53,1.8,0.0,3.5,Summer,0,820.2,0.26296296296296295,25.56,1.7944444444444445,8,-0.8660254037844385,-0.5000000000000004,6,-0.7818314824680299,0.6234898018587334,1
1,4,aug,sat,90.2,96.9,624.2,8.9,20.3,39,4.9,0.0,4.53,Summer,0,820.2,0.5075000000000001,99.47000000000001,2.4225000000000003,8,-0.8660254037844385,-0.5000000000000004,6,-0.7818314824680299,0.6234898018587334,1
6,5,apr,thu,81.5,9.1,55.2,2.7,5.8,54,5.8,0.0,4.61,Spring,0,148.5,0.10545454545454545,33.64,0.16545454545454544,4,0.8660254037844387,-0.4999999999999998,4,-0.433883739117558,-0.9009688679024191,2
2,5,aug,sun,90.2,99.6,631.2,6.3,19.2,44,2.7,0.0,4.69,Summer,0,827.3,0.42666666666666664,51.84,2.2133333333333334,8,-0.8660254037844385,-0.5000000000000004,7,-2.4492935982947064e-16,1.0,1
2,5,sep,wed,90.1,82.9,735.7,6.2,18.3,45,2.2,0.0,4.88,Autumn,0,914.9000000000001,0.3978260869565218,40.260000000000005,1.8021739130434784,9,-1.0,-1.8369701987210297e-16,3,0.43388373911755823,-0.900968867902419,1
8,6,aug,tue,88.8,147.3,614.5,9.0,14.4,66,5.4,0.0,5.23,Summer,0,859.6,0.21492537313432836,77.76,2.1985074626865675,8,-0.8660254037844385,-0.5000000000000004,2,0.9749279121818236,-0.22252093395631434,0
1,3,sep,sun,92.4,124.1,680.7,8.5,23.9,32,6.7,0.0,5.33,Autumn,0,905.7,0.7242424242424242,160.13,3.7606060606060603,9,-1.0,-1.8369701987210297e-16,7,-2.4492935982947064e-16,1.0,1
8,6,oct,mon,84.9,32.8,664.2,3.0,19.1,32,4.0,0.0,5.44,Autumn,0,784.9000000000001,0.5787878787878789,76.4,0.9939393939393939,10,-0.8660254037844386,0.5000000000000001,1,0.7818314824680298,0.6234898018587336,0
5,4,feb,sun,86.8,15.6,48.3,3.9,12.4,53,2.2,0.0,6.38,Winter,0,154.6,0.22962962962962963,27.280000000000005,0.28888888888888886,2,0.8660254037844386,0.5000000000000001,7,-2.4492935982947064e-16,1.0,3
7,4,oct,mon,91.7,48.5,696.1,11.1,16.8,45,4.5,0.0,6.83,Autumn,0,847.4,0.3652173913043478,75.60000000000001,1.0543478260869565,10,-0.8660254037844386,0.5000000000000001,1,0.7818314824680298,0.6234898018587336,2
8,6,aug,fri,93.9,135.7,586.7,15.1,20.8,34,4.9,0.0,6.96,Summer,0,831.4000000000001,0.5942857142857143,101.92000000000002,3.877142857142857,8,-0.8660254037844385,-0.5000000000000004,5,-0.9749279121818236,-0.2225209339563146,0
2,5,sep,tue,91.0,129.5,692.6,7.0,17.6,46,3.1,0.0,7.04,Autumn,0,920.1,0.374468085106383,54.56000000000001,2.75531914893617,9,-1.0,-1.8369701987210297e-16,2,0.9749279121818236,-0.22252093395631434,1
8,6,mar,sun,89.3,51.3,102.2,9.6,11.5,39,5.8,0.0,7.19,Spring,0,252.4,0.2875,66.7,1.2825,3,1.0,6.123233995736766e-17,7,-2.4492935982947064e-16,1.0,0
1,5,sep,mon,90.9,126.5,686.5,7.0,21.0,42,2.2,0.0,7.3,Autumn,0,910.9,0.4883720930232558,46.2,2.941860465116279,9,-1.0,-1.8369701987210297e-16,1,0.7818314824680298,0.6234898018587336,1
6,4,mar,sat,90.8,41.9,89.4,7.9,13.3,42,0.9,0.0,7.4,Spring,0,230.0,0.30930232558139537,11.97,0.9744186046511628,3,1.0,6.123233995736766e-17,6,-0.7818314824680299,0.6234898018587334,2
7,4,mar,sun,90.7,44.0,92.4,5.5,11.5,60,4.0,0.0,8.24,Spring,0,232.6,0.1885245901639344,46.0,0.7213114754098361,3,1.0,6.123233995736766e-17,7,-2.4492935982947064e-16,1.0,2
6,5,mar,fri,91.2,48.3,97.8,12.5,11.7,33,4.0,0.0,8.31,Spring,0,249.8,0.34411764705882353,46.8,1.4205882352941175,3,1.0,6.123233995736766e-17,5,-0.9749279121818236,-0.2225209339563146,2
2,5,aug,thu,95.2,131.7,578.8,10.4,24.2,28,2.7,0.0,8.68,Summer,0,816.0999999999999,0.8344827586206897,65.34,4.541379310344827,8,-0.8660254037844385,-0.5000000000000004,4,-0.433883739117558,-0.9009688679024191,1
2,2,aug,tue,94.8,108.3,647.1,17.0,24.6,22,4.5,0.0,8.71,Summer,0,867.2,1.0695652173913044,110.7,4.708695652173913,8,-0.8660254037844385,-0.5000000000000004,2,0.9749279121818236,-0.22252093395631434,1
4,5,sep,wed,92.9,133.3,699.6,9.2,24.3,25,4.0,0.0,9.41,Autumn,0,935.0000000000001,0.9346153846153846,97.2,5.126923076923077,9,-1.0,-1.8369701987210297e-16,3,0.43388373911755823,-0.900968867902419,3
2,2,aug,tue,94.8,108.3,647.1,17.0,24.6,22,4.5,0.0,10.01,Summer,0,867.2,1.0695652173913044,110.7,4.708695652173913,8,-0.8660254037844385,-0.5000000000000004,2,0.9749279121818236,-0.22252093395631434,1
2,5,aug,fri,93.9,135.7,586.7,15.1,23.5,36,5.4,0.0,10.02,Summer,0,831.4000000000001,0.6351351351351351,126.9,3.667567567567567,8,-0.8660254037844385,-0.5000000000000004,5,-0.9749279121818236,-0.2225209339563146,1
6,5,apr,thu,81.5,9.1,55.2,2.7,5.8,54,5.8,0.0,10.93,Spring,0,148.5,0.10545454545454545,33.64,0.16545454545454544,4,0.8660254037844387,-0.4999999999999998,4,-0.433883739117558,-0.9009688679024191,2
4,5,sep,thu,92.9,137.0,706.4,9.2,21.5,15,0.9,0.0,11.06,Autumn,0,945.5,1.34375,19.35,8.5625,9,-1.0,-1.8369701987210297e-16,4,-0.433883739117558,-0.9009688679024191,3
3,4,sep,tue,91.0,129.5,692.6,7.0,13.9,59,6.3,0.0,11.24,Autumn,0,920.1,0.23166666666666666,87.57,2.158333333333333,9,-1.0,-1.8369701987210297e-16,2,0.9749279121818236,-0.22252093395631434,3
2,4,sep,mon,63.5,70.8,665.3,0.8,22.6,38,3.6,0.0,11.32,Autumn,0,800.3999999999999,0.5794871794871795,81.36000000000001,1.8153846153846154,9,-1.0,-1.8369701987210297e-16,1,0.7818314824680298,0.6234898018587336,1
1,5,sep,tue,91.0,129.5,692.6,7.0,21.6,33,2.2,0.0,11.53,Autumn,0,920.1,0.6352941176470589,47.52000000000001,3.8088235294117645,9,-1.0,-1.8369701987210297e-16,2,0.9749279121818236,-0.22252093395631434,1
6,5,mar,sun,90.1,37.6,83.7,7.2,12.4,54,3.6,0.0,12.1,Spring,0,218.59999999999997,0.22545454545454546,44.64,0.6836363636363637,3,1.0,6.123233995736766e-17,7,-2.4492935982947064e-16,1.0,2
7,4,feb,sun,83.9,8.7,32.1,2.1,8.8,68,2.2,0.0,13.05,Winter,0,126.80000000000001,0.127536231884058,19.360000000000003,0.12608695652173912,2,0.8660254037844386,0.5000000000000001,7,-2.4492935982947064e-16,1.0,2
8,6,oct,wed,91.4,37.9,673.8,5.2,20.2,37,2.7,0.0,13.7,Autumn,0,808.3,0.531578947368421,54.54,0.9973684210526316,10,-0.8660254037844386,0.5000000000000001,3,0.43388373911755823,-0.900968867902419,0
5,6,mar,sat,90.6,50.1,100.4,7.8,15.1,64,4.0,0.0,13.99,Spring,0,248.9,0.2323076923076923,60.4,0.7707692307692308,3,1.0,6.123233995736766e-17,6,-0.7818314824680299,0.6234898018587334,3
4,5,sep,thu,92.9,137.0,706.4,9.2,22.1,34,1.8,0.0,14.57,Autumn,0,945.5,0.6314285714285715,39.78,3.914285714285714,9,-1.0,-1.8369701987210297e-16,4,-0.433883739117558,-0.9009688679024191,3
2,2,aug,sat,93.5,139.4,594.2,20.3,22.9,31,7.2,0.0,15.45,Summer,0,847.4,0.715625,164.88,4.35625,8,-0.8660254037844385,-0.5000000000000004,6,-0.7818314824680299,0.6234898018587334,1
7,5,sep,tue,91.0,129.5,692.6,7.0,20.7,37,2.2,0.0,17.2,Autumn,0,920.1,0.5447368421052632,45.54,3.4078947368421053,9,-1.0,-1.8369701987210297e-16,2,0.9749279121818236,-0.22252093395631434,2
6,5,sep,fri,92.4,117.9,668.0,12.2,19.6,33,6.3,0.0,19.23,Autumn,0,890.5,0.5764705882352942,123.48,3.4676470588235295,9,-1.0,-1.8369701987210297e-16,5,-0.9749279121818236,-0.2225209339563146,2
8,3,sep,thu,93.7,80.9,685.2,17.9,23.2,26,4.9,0.0,23.41,Autumn,0,877.7,0.8592592592592593,113.68,2.9962962962962965,9,-1.0,-1.8369701987210297e-16,4,-0.433883739117558,-0.9009688679024191,2
4,4,oct,sat,90.6,43.7,686.9,6.7,18.4,25,3.1,0.0,24.23,Autumn,0,827.9000000000001,0.7076923076923076,57.04,1.6807692307692308,10,-0.8660254037844386,0.5000000000000001,6,-0.7818314824680299,0.6234898018587334,3
7,4,aug,sat,93.5,139.4,594.2,20.3,5.1,96,5.8,0.0,26.0,Summer,0,847.4,0.05257731958762886,29.58,1.4371134020618557,8,-0.8660254037844385,-0.5000000000000004,6,-0.7818314824680299,0.6234898018587334,2
7,4,sep,fri,94.3,85.1,692.3,15.9,20.1,47,4.9,0.0,26.13,Autumn,0,887.5999999999999,0.41875,98.49000000000001,1.7729166666666665,9,-1.0,-1.8369701987210297e-16,5,-0.9749279121818236,-0.2225209339563146,2
7,3,mar,mon,87.6,52.2,103.8,5.0,11.0,46,5.8,0.0,27.35,Spring,0,248.60000000000002,0.23404255319148937,63.8,1.1106382978723406,3,1.0,6.123233995736766e-17,1,0.7818314824680298,0.6234898018587336,2
4,4,mar,sat,91.7,35.8,80.8,7.8,17.0,27,4.9,0.0,28.66,Spring,0,216.10000000000002,0.6071428571428571,83.30000000000001,1.2785714285714285,3,1.0,6.123233995736766e-17,6,-0.7818314824680299,0.6234898018587334,3
4,4,sep,sun,92.4,124.1,680.7,8.5,16.9,60,1.3,0.0,29.48,Autumn,0,905.7,0.27704918032786885,21.97,2.0344262295081967,9,-1.0,-1.8369701987210297e-16,7,-2.4492935982947064e-16,1.0,3
1,3,sep,mon,88.6,91.8,709.9,7.1,12.4,73,6.3,0.0,30.32,Autumn,0,897.4,0.16756756756756758,78.12,1.2405405405405405,9,-1.0,-1.8369701987210297e-16,1,0.7818314824680298,0.6234898018587336,1
4,5,sep,wed,92.9,133.3,699.6,9.2,19.4,19,1.3,0.0,31.72,Autumn,0,935.0000000000001,0.97,25.22,6.665000000000001,9,-1.0,-1.8369701987210297e-16,3,0.43388373911755823,-0.900968867902419,3
6,5,mar,mon,90.1,39.7,86.6,6.2,15.2,27,3.1,0.0,31.86,Spring,0,222.6,0.5428571428571428,47.12,1.417857142857143,3,1.0,6.123233995736766e-17,1,0.7818314824680298,0.6234898018587336,2
8,6,aug,sun,90.2,99.6,631.2,6.3,16.2,59,3.1,0.0,32.07,Summer,0,827.3,0.26999999999999996,50.22,1.66,8,-0.8660254037844385,-0.5000000000000004,7,-2.4492935982947064e-16,1.0,0
3,4,sep,fri,93.3,141.2,713.9,13.9,18.6,49,3.6,0.0,35.88,Autumn,0,962.3,0.37200000000000005,66.96000000000001,2.824,9,-1.0,-1.8369701987210297e-16,5,-0.9749279121818236,-0.2225209339563146,3
4,3,mar,mon,87.6,52.2,103.8,5.0,11.0,46,5.8,0.0,36.85,Spring,0,248.60000000000002,0.23404255319148937,63.8,1.1106382978723406,3,1.0,6.123233995736766e-17,1,0.7818314824680298,0.6234898018587336,3
2,2,jul,fri,88.3,150.3,309.9,6.8,13.4,79,3.6,0.0,37.02,Summer,0,555.3,0.1675,48.24,1.8787500000000001,7,-0.4999999999999997,-0.8660254037844388,5,-0.9749279121818236,-0.2225209339563146,1
7,4,sep,wed,90.1,82.9,735.7,6.2,15.4,57,4.5,0.0,37.71,Autumn,0,914.9000000000001,0.2655172413793104,69.3,1.4293103448275863,9,-1.0,-1.8369701987210297e-16,3,0.43388373911755823,-0.900968867902419,2
4,4,sep,sun,93.5,149.3,728.6,8.1,22.9,39,4.9,0.0,48.55,Autumn,0,979.5000000000001,0.5725,112.21000000000001,3.7325000000000004,9,-1.0,-1.8369701987210297e-16,7,-2.4492935982947064e-16,1.0,3
7,5,oct,mon,91.7,48.5,696.1,11.1,16.1,44,4.0,0.0,49.37,Autumn,0,847.4,0.3577777777777778,64.4,1.0777777777777777,10,-0.8660254037844386,0.5000000000000001,1,0.7818314824680298,0.6234898018587336,2
8,6,aug,sat,92.2,81.8,480.8,11.9,20.1,34,4.5,0.0,58.3,Summer,0,666.6999999999999,0.5742857142857143,90.45,2.337142857142857,8,-0.8660254037844385,-0.5000000000000004,6,-0.7818314824680299,0.6234898018587334,0
4,6,sep,sun,93.5,149.3,728.6,8.1,28.3,26,3.1,0.0,64.1,Autumn,0,979.5000000000001,1.0481481481481483,87.73,5.52962962962963,9,-1.0,-1.8369701987210297e-16,7,-2.4492935982947064e-16,1.0,3
8,6,aug,sat,92.2,81.8,480.8,11.9,16.4,43,4.0,0.0,71.3,Summer,0,666.6999999999999,0.3727272727272727,65.6,1.8590909090909091,8,-0.8660254037844385,-0.5000000000000004,6,-0.7818314824680299,0.6234898018587334,0
4,4,sep,wed,92.9,133.3,699.6,9.2,26.4,21,4.5,0.0,88.49,Autumn,0,935.0000000000001,1.2,118.8,6.0590909090909095,9,-1.0,-1.8369701987210297e-16,3,0.43388373911755823,-0.900968867902419,3
1,5,sep,sun,93.5,149.3,728.6,8.1,27.8,27,3.1,0.0,95.18,Autumn,0,979.5000000000001,0.9928571428571429,86.18,5.332142857142857,9,-1.0,-1.8369701987210297e-16,7,-2.4492935982947064e-16,1.0,1
6,4,sep,tue,91.0,129.5,692.6,7.0,18.7,43,2.7,0.0,103.39,Autumn,0,920.1,0.425,50.49,2.9431818181818183,9,-1.0,-1.8369701987210297e-16,2,0.9749279121818236,-0.22252093395631434,2
9,4,sep,tue,84.4,73.4,671.9,3.2,24.3,36,3.1,0.0,105.66,Autumn,0,832.9000000000001,0.6567567567567568,75.33,1.983783783783784,9,-1.0,-1.8369701987210297e-16,2,0.9749279121818236,-0.22252093395631434,0
4,5,sep,sat,92.5,121.1,674.4,8.6,17.7,25,3.1,0.0,154.88,Autumn,0,896.6,0.6807692307692308,54.87,4.657692307692307,9,-1.0,-1.8369701987210297e-16,6,-0.7818314824680299,0.6234898018587334,3
8,6,aug,sun,91.4,142.4,601.4,10.6,19.6,41,5.8,0.0,196.48,Summer,0,845.8000000000001,0.4666666666666667,113.68,3.3904761904761904,8,-0.8660254037844385,-0.5000000000000004,7,-2.4492935982947064e-16,1.0,0
2,2,sep,sat,92.5,121.1,674.4,8.6,18.2,46,1.8,0.0,200.94,Autumn,0,896.6,0.3872340425531915,32.76,2.576595744680851,9,-1.0,-1.8369701987210297e-16,6,-0.7818314824680299,0.6234898018587334,1
1,2,sep,tue,91.0,129.5,692.6,7.0,18.8,40,2.2,0.0,212.88,Autumn,0,920.1,0.4585365853658537,41.36000000000001,3.158536585365854,9,-1.0,-1.8369701987210297e-16,2,0.9749279121818236,-0.22252093395631434,1
6,5,sep,sat,92.5,121.1,674.4,8.6,25.1,27,4.0,0.0,1090.84,Autumn,0,896.6,0.8964285714285715,100.4,4.325,9,-1.0,-1.8369701987210297e-16,6,-0.7818314824680299,0.6234898018587334,2
7,5,apr,sun,81.9,3.0,7.9,3.5,13.4,75,1.8,0.0,0.0,Spring,0,96.30000000000001,0.1763157894736842,24.12,0.039473684210526314,4,0.8660254037844387,-0.4999999999999998,7,-2.4492935982947064e-16,1.0,2
6,3,apr,wed,88.0,17.2,43.5,3.8,15.2,51,2.7,0.0,0.0,Spring,0,152.5,0.29230769230769227,41.04,0.33076923076923076,4,0.8660254037844387,-0.4999999999999998,3,0.43388373911755823,-0.900968867902419,2
4,4,apr,fri,83.0,23.3,85.3,2.3,16.7,20,3.1,0.0,0.0,Spring,0,193.9,0.7952380952380952,51.769999999999996,1.1095238095238096,4,0.8660254037844387,-0.4999999999999998,5,-0.9749279121818236,-0.2225209339563146,3
2,4,aug,sun,94.2,122.3,589.9,12.9,15.4,66,4.0,0.0,10.13,Summer,0,819.3,0.22985074626865673,61.6,1.8253731343283581,8,-0.8660254037844385,-0.5000000000000004,7,-2.4492935982947064e-16,1.0,1
7,4,aug,sun,91.8,175.1,700.7,13.8,21.9,73,7.6,1.0,0.0,Summer,1,981.4,0.2959459459459459,166.43999999999997,2.366216216216216,8,-0.8660254037844385,-0.5000000000000004,7,-2.4492935982947064e-16,1.0,2
2,4,aug,sun,91.8,175.1,700.7,13.8,22.4,54,7.6,0.0,2.87,Summer,0,981.4,0.40727272727272723,170.23999999999998,3.1836363636363636,8,-0.8660254037844385,-0.5000000000000004,7,-2.4492935982947064e-16,1.0,1
3,4,aug,sun,91.8,175.1,700.7,13.8,26.8,38,6.3,0.0,0.76,Summer,0,981.4,0.6871794871794872,168.84,4.48974358974359,8,-0.8660254037844385,-0.5000000000000004,7,-2.4492935982947064e-16,1.0,3
5,4,aug,sun,91.8,175.1,700.7,13.8,25.7,39,5.4,0.0,0.09,Summer,0,981.4,0.6425,138.78,4.3774999999999995,8,-0.8660254037844385,-0.5000000000000004,7,-2.4492935982947064e-16,1.0,3
2,4,aug,wed,92.2,91.6,503.6,9.6,20.7,70,2.2,0.0,0.75,Summer,0,697.0000000000001,0.2915492957746479,45.54,1.2901408450704224,8,-0.8660254037844385,-0.5000000000000004,3,0.43388373911755823,-0.900968867902419,1
8,6,aug,wed,93.1,157.3,666.7,13.5,28.7,28,2.7,0.0,0.0,Summer,0,930.6,0.9896551724137931,77.49000000000001,5.424137931034483,8,-0.8660254037844385,-0.5000000000000004,3,0.43388373911755823,-0.900968867902419,0
3,4,aug,wed,93.1,157.3,666.7,13.5,21.7,40,0.4,0.0,2.47,Summer,0,930.6,0.5292682926829269,8.68,3.836585365853659,8,-0.8660254037844385,-0.5000000000000004,3,0.43388373911755823,-0.900968867902419,3
8,5,aug,wed,93.1,157.3,666.7,13.5,26.8,25,3.1,0.0,0.68,Summer,0,930.6,1.0307692307692309,83.08,6.050000000000001,8,-0.8660254037844385,-0.5000000000000004,3,0.43388373911755823,-0.900968867902419,0
8,5,aug,wed,93.1,157.3,666.7,13.5,24.0,36,3.1,0.0,0.24,Summer,0,930.6,0.6486486486486487,74.4,4.251351351351351,8,-0.8660254037844385,-0.5000000000000004,3,0.43388373911755823,-0.900968867902419,0
6,5,aug,wed,93.1,157.3,666.7,13.5,22.1,37,3.6,0.0,0.21,Summer,0,930.6,0.5815789473684211,79.56,4.139473684210526,8,-0.8660254037844385,-0.5000000000000004,3,0.43388373911755823,-0.900968867902419,2
7,4,aug,thu,91.9,109.2,565.5,8.0,21.4,38,2.7,0.0,1.52,Summer,0,774.6,0.5487179487179487,57.78,2.8000000000000003,8,-0.8660254037844385,-0.5000000000000004,4,-0.433883739117558,-0.9009688679024191,2
6,3,aug,thu,91.6,138.1,621.7,6.3,18.9,41,3.1,0.0,10.34,Summer,0,857.7,0.44999999999999996,58.589999999999996,3.288095238095238,8,-0.8660254037844385,-0.5000000000000004,4,-0.433883739117558,-0.9009688679024191,2
2,5,aug,thu,87.5,77.0,694.8,5.0,22.3,46,4.0,0.0,0.0,Summer,0,864.3,0.474468085106383,89.2,1.6382978723404256,8,-0.8660254037844385,-0.5000000000000004,4,-0.433883739117558,-0.9009688679024191,1
8,6,aug,sat,94.2,117.2,581.1,11.0,23.9,41,2.2,0.0,8.02,Summer,0,803.5,0.569047619047619,52.58,2.7904761904761903,8,-0.8660254037844385,-0.5000000000000004,6,-0.7818314824680299,0.6234898018587334,0
4,3,aug,sat,94.2,117.2,581.1,11.0,21.4,44,2.7,0.0,0.68,Summer,0,803.5,0.4755555555555555,57.78,2.6044444444444443,8,-0.8660254037844385,-0.5000000000000004,6,-0.7818314824680299,0.6234898018587334,3
3,4,aug,sat,91.8,170.9,692.3,13.7,20.6,59,0.9,0.0,0.0,Summer,0,968.7,0.3433333333333334,18.540000000000003,2.8483333333333336,8,-0.8660254037844385,-0.5000000000000004,6,-0.7818314824680299,0.6234898018587334,3
7,4,aug,sat,91.8,170.9,692.3,13.7,23.7,40,1.8,0.0,1.38,Summer,0,968.7,0.5780487804878048,42.66,4.168292682926829,8,-0.8660254037844385,-0.5000000000000004,6,-0.7818314824680299,0.6234898018587334,2
2,4,aug,mon,93.6,97.9,542.0,14.4,28.3,32,4.0,0.0,8.85,Summer,0,747.9,0.8575757575757575,113.2,2.966666666666667,8,-0.8660254037844385,-0.5000000000000004,1,0.7818314824680298,0.6234898018587336,1
3,4,aug,fri,91.6,112.4,573.0,8.9,11.2,84,7.6,0.0,3.3,Summer,0,785.9,0.13176470588235292,85.11999999999999,1.3223529411764707,8,-0.8660254037844385,-0.5000000000000004,5,-0.9749279121818236,-0.2225209339563146,3
2,4,aug,fri,91.6,112.4,573.0,8.9,21.4,42,3.1,0.0,4.25,Summer,0,785.9,0.4976744186046511,66.34,2.613953488372093,8,-0.8660254037844385,-0.5000000000000004,5,-0.9749279121818236,-0.2225209339563146,1
6,3,aug,fri,91.1,141.1,629.1,7.1,19.3,39,3.6,0.0,1.56,Summer,0,868.4,0.48250000000000004,69.48,3.5275,8,-0.8660254037844385,-0.5000000000000004,5,-0.9749279121818236,-0.2225209339563146,2
4,4,aug,fri,94.3,167.6,684.4,13.0,21.8,53,3.1,0.0,6.54,Summer,0,959.3,0.40370370370370373,67.58,3.1037037037037036,8,-0.8660254037844385,-0.5000000000000004,5,-0.9749279121818236,-0.2225209339563146,3
4,4,aug,tue,93.7,102.2,550.3,14.6,22.1,54,7.6,0.0,0.79,Summer,0,760.8,0.40181818181818185,167.96,1.8581818181818182,8,-0.8660254037844385,-0.5000000000000004,2,0.9749279121818236,-0.22252093395631434,3
6,5,aug,tue,94.3,131.7,607.1,22.7,19.4,55,4.0,0.0,0.17,Summer,0,855.8000000000001,0.3464285714285714,77.6,2.351785714285714,8,-0.8660254037844385,-0.5000000000000004,2,0.9749279121818236,-0.22252093395631434,2
2,2,aug,tue,92.1,152.6,658.2,14.3,23.7,24,3.1,0.0,0.0,Summer,0,917.2,0.948,73.47,6.104,8,-0.8660254037844385,-0.5000000000000004,2,0.9749279121818236,-0.22252093395631434,1
3,4,aug,tue,92.1,152.6,658.2,14.3,21.0,32,3.1,0.0,0.0,Summer,0,917.2,0.6363636363636364,65.10000000000001,4.624242424242424,8,-0.8660254037844385,-0.5000000000000004,2,0.9749279121818236,-0.22252093395631434,3
4,4,aug,tue,92.1,152.6,658.2,14.3,19.1,53,2.7,0.0,4.4,Summer,0,917.2,0.35370370370370374,51.57000000000001,2.825925925925926,8,-0.8660254037844385,-0.5000000000000004,2,0.9749279121818236,-0.22252093395631434,3
2,2,aug,tue,92.1,152.6,658.2,14.3,21.8,56,3.1,0.0,0.52,Summer,0,917.2,0.3824561403508772,67.58,2.6771929824561402,8,-0.8660254037844385,-0.5000000000000004,2,0.9749279121818236,-0.22252093395631434,1
8,6,aug,tue,92.1,152.6,658.2,14.3,20.1,58,4.5,0.0,9.27,Summer,0,917.2,0.34067796610169493,90.45,2.5864406779661016,8,-0.8660254037844385,-0.5000000000000004,2,0.9749279121818236,-0.22252093395631434,0
2,5,aug,tue,92.1,152.6,658.2,14.3,20.2,47,4.0,0.0,3.09,Summer,0,917.2,0.42083333333333334,80.8,3.1791666666666667,8,-0.8660254037844385,-0.5000000000000004,2,0.9749279121818236,-0.22252093395631434,1
4,6,dec,sun,84.4,27.2,353.5,6.8,4.8,57,8.5,0.0,8.98,Winter,0,471.90000000000003,0.08275862068965517,40.8,0.4689655172413793,12,-2.4492935982947064e-16,1.0,7,-2.4492935982947064e-16,1.0,3
8,6,dec,wed,84.0,27.8,354.6,5.3,5.1,61,8.0,0.0,11.19,Winter,0,471.70000000000005,0.08225806451612902,40.8,0.4483870967741936,12,-2.4492935982947064e-16,1.0,3,0.43388373911755823,-0.900968867902419,0
4,6,dec,thu,84.6,26.4,352.0,2.0,5.1,61,4.9,0.0,5.38,Winter,0,465.0,0.08225806451612902,24.99,0.4258064516129032,12,-2.4492935982947064e-16,1.0,4,-0.433883739117558,-0.9009688679024191,3
4,4,dec,mon,85.4,25.4,349.7,2.6,4.6,21,8.5,0.0,17.85,Winter,0,463.1,0.20909090909090908,39.099999999999994,1.1545454545454545,12,-2.4492935982947064e-16,1.0,1,0.7818314824680298,0.6234898018587336,3
3,4,dec,mon,85.4,25.4,349.7,2.6,4.6,21,8.5,0.0,10.73,Winter,0,463.1,0.20909090909090908,39.099999999999994,1.1545454545454545,12,-2.4492935982947064e-16,1.0,1,0.7818314824680298,0.6234898018587336,3
4,4,dec,mon,85.4,25.4,349.7,2.6,4.6,21,8.5,0.0,22.03,Winter,0,463.1,0.20909090909090908,39.099999999999994,1.1545454545454545,12,-2.4492935982947064e-16,1.0,1,0.7818314824680298,0.6234898018587336,3
4,4,dec,mon,85.4,25.4,349.7,2.6,4.6,21,8.5,0.0,9.77,Winter,0,463.1,0.20909090909090908,39.099999999999994,1.1545454545454545,12,-2.4492935982947064e-16,1.0,1,0.7818314824680298,0.6234898018587336,3
4,6,dec,fri,84.7,26.7,352.6,4.1,2.2,59,4.9,0.0,9.27,Winter,0,468.1,0.03666666666666667,10.780000000000001,0.445,12,-2.4492935982947064e-16,1.0,5,-0.9749279121818236,-0.2225209339563146,3
6,5,dec,tue,85.4,25.4,349.7,2.6,5.1,24,8.5,0.0,24.77,Winter,0,463.1,0.204,43.349999999999994,1.016,12,-2.4492935982947064e-16,1.0,2,0.9749279121818236,-0.22252093395631434,2
6,3,feb,sun,84.9,27.5,353.5,3.4,4.2,51,4.0,0.0,0.0,Winter,0,469.29999999999995,0.08076923076923077,16.8,0.5288461538461539,2,0.8660254037844386,0.5000000000000001,7,-2.4492935982947064e-16,1.0,2
3,4,feb,wed,86.9,6.6,18.7,3.2,8.8,35,3.1,0.0,1.1,Winter,0,115.4,0.24444444444444446,27.280000000000005,0.18333333333333332,2,0.8660254037844386,0.5000000000000001,3,0.43388373911755823,-0.900968867902419,3
5,4,feb,fri,85.2,4.9,15.8,6.3,7.5,46,8.0,0.0,24.24,Winter,0,112.2,0.1595744680851064,60.0,0.10425531914893618,2,0.8660254037844386,0.5000000000000001,5,-0.9749279121818236,-0.2225209339563146,3
2,5,jul,sun,93.9,169.7,411.8,12.3,23.4,40,6.3,0.0,0.0,Summer,0,687.7,0.5707317073170731,147.42,4.139024390243902,7,-0.4999999999999997,-0.8660254037844388,7,-2.4492935982947064e-16,1.0,1
7,6,jul,wed,91.2,183.1,437.7,12.5,12.6,90,7.6,0.2,0.0,Summer,1,724.5,0.13846153846153847,95.75999999999999,2.012087912087912,7,-0.4999999999999997,-0.8660254037844388,3,0.43388373911755823,-0.900968867902419,0
7,4,jul,sat,91.6,104.2,474.9,9.0,22.1,49,2.7,0.0,0.0,Summer,0,679.7,0.442,59.67000000000001,2.084,7,-0.4999999999999997,-0.8660254037844388,6,-0.7818314824680299,0.6234898018587334,2
7,4,jul,sat,91.6,104.2,474.9,9.0,24.2,32,1.8,0.0,0.0,Summer,0,679.7,0.7333333333333333,43.56,3.1575757575757577,7,-0.4999999999999997,-0.8660254037844388,6,-0.7818314824680299,0.6234898018587334,2
7,4,jul,sat,91.6,104.2,474.9,9.0,24.3,30,1.8,0.0,0.0,Summer,0,679.7,0.7838709677419355,43.74,3.361290322580645,7,-0.4999999999999997,-0.8660254037844388,6,-0.7818314824680299,0.6234898018587334,2
2,5,jul,sat,91.6,104.2,474.9,9.0,18.7,53,1.8,0.0,0.0,Summer,0,679.7,0.34629629629629627,33.66,1.9296296296296296,7,-0.4999999999999997,-0.8660254037844388,6,-0.7818314824680299,0.6234898018587334,1
9,4,jul,sat,91.6,104.2,474.9,9.0,25.3,39,0.9,0.0,8.0,Summer,0,679.7,0.6325000000000001,22.77,2.605,7,-0.4999999999999997,-0.8660254037844388,6,-0.7818314824680299,0.6234898018587334,0
4,5,jul,fri,91.6,100.2,466.3,6.3,22.9,40,1.3,0.0,2.64,Summer,0,664.4,0.5585365853658536,29.77,2.44390243902439,7,-0.4999999999999997,-0.8660254037844388,5,-0.9749279121818236,-0.2225209339563146,3
7,6,jul,tue,93.1,180.4,430.8,11.0,26.9,28,5.4,0.0,86.45,Summer,0,715.3,0.9275862068965517,145.26,6.220689655172414,7,-0.4999999999999997,-0.8660254037844388,2,0.9749279121818236,-0.22252093395631434,0
8,6,jul,tue,92.3,88.8,440.9,8.5,17.1,67,3.6,0.0,6.57,Summer,0,630.5,0.2514705882352941,61.56000000000001,1.3058823529411765,7,-0.4999999999999997,-0.8660254037844388,2,0.9749279121818236,-0.22252093395631434,0
7,5,jun,sun,93.1,180.4,430.8,11.0,22.2,48,1.3,0.0,0.0,Summer,0,715.3,0.4530612244897959,28.86,3.6816326530612247,6,1.2246467991473532e-16,-1.0,7,-2.4492935982947064e-16,1.0,2
6,4,jun,sun,90.4,89.5,290.8,6.4,14.3,46,1.8,0.0,0.9,Summer,0,477.1,0.30425531914893617,25.740000000000002,1.9042553191489362,6,1.2246467991473532e-16,-1.0,7,-2.4492935982947064e-16,1.0,2
8,6,jun,sun,90.4,89.5,290.8,6.4,15.4,45,2.2,0.0,0.0,Summer,0,477.1,0.3347826086956522,33.88,1.9456521739130435,6,1.2246467991473532e-16,-1.0,7,-2.4492935982947064e-16,1.0,0
8,6,jun,wed,91.2,147.8,377.2,12.7,19.6,43,4.9,0.0,0.0,Summer,0,628.9000000000001,0.4454545454545455,96.04000000000002,3.3590909090909093,6,1.2246467991473532e-16,-1.0,3,0.43388373911755823,-0.900968867902419,0
6,5,jun,sat,53.4,71.0,233.8,0.4,10.6,90,2.7,0.0,0.0,Summer,0,358.6,0.11648351648351649,28.62,0.7802197802197802,6,1.2246467991473532e-16,-1.0,6,-0.7818314824680299,0.6234898018587334,2
6,5,jun,mon,90.4,93.3,298.1,7.5,20.7,25,4.9,0.0,0.0,Summer,0,489.3,0.7961538461538461,101.43,3.588461538461538,6,1.2246467991473532e-16,-1.0,1,0.7818314824680298,0.6234898018587336,2
6,5,jun,mon,90.4,93.3,298.1,7.5,19.1,39,5.4,0.0,3.52,Summer,0,489.3,0.47750000000000004,103.14000000000001,2.3325,6,1.2246467991473532e-16,-1.0,1,0.7818314824680298,0.6234898018587336,2
3,6,jun,fri,91.1,94.1,232.1,7.1,19.2,38,4.5,0.0,0.0,Summer,0,424.4,0.4923076923076923,86.39999999999999,2.4128205128205127,6,1.2246467991473532e-16,-1.0,5,-0.9749279121818236,-0.2225209339563146,3
6,5,may,sat,85.1,28.0,113.8,3.5,11.3,94,4.9,0.0,0.0,Spring,0,230.39999999999998,0.11894736842105263,55.370000000000005,0.29473684210526313,5,0.49999999999999994,-0.8660254037844387,6,-0.7818314824680299,0.6234898018587334,2
1,4,sep,sun,89.6,84.1,714.3,5.7,19.0,52,2.2,0.0,0.0,Autumn,0,893.7,0.3584905660377358,41.800000000000004,1.5867924528301887,9,-1.0,-1.8369701987210297e-16,7,-2.4492935982947064e-16,1.0,1
7,4,sep,sun,89.6,84.1,714.3,5.7,17.1,53,5.4,0.0,0.41,Autumn,0,893.7,0.3166666666666667,92.34000000000002,1.5574074074074074,9,-1.0,-1.8369701987210297e-16,7,-2.4492935982947064e-16,1.0,2
3,4,sep,sun,89.6,84.1,714.3,5.7,23.8,35,3.6,0.0,5.18,Autumn,0,893.7,0.6611111111111111,85.68,2.336111111111111,9,-1.0,-1.8369701987210297e-16,7,-2.4492935982947064e-16,1.0,3
2,4,sep,sun,92.4,105.8,758.1,9.9,16.0,45,1.8,0.0,0.0,Autumn,0,966.1999999999999,0.34782608695652173,28.8,2.3,9,-1.0,-1.8369701987210297e-16,7,-2.4492935982947064e-16,1.0,1
2,4,sep,sun,92.4,105.8,758.1,9.9,24.9,27,2.2,0.0,0.0,Autumn,0,966.1999999999999,0.8892857142857142,54.78,3.7785714285714285,9,-1.0,-1.8369701987210297e-16,7,-2.4492935982947064e-16,1.0,1
7,4,sep,sun,92.4,105.8,758.1,9.9,25.3,27,2.7,0.0,0.0,Autumn,0,966.1999999999999,0.9035714285714286,68.31,3.7785714285714285,9,-1.0,-1.8369701987210297e-16,7,-2.4492935982947064e-16,1.0,2
6,3,sep,sun,92.4,105.8,758.1,9.9,24.8,28,1.8,0.0,14.29,Autumn,0,966.1999999999999,0.8551724137931035,44.64,3.6482758620689655,9,-1.0,-1.8369701987210297e-16,7,-2.4492935982947064e-16,1.0,2
2,4,sep,sun,50.4,46.2,706.6,0.4,12.2,78,6.3,0.0,0.0,Autumn,0,803.6,0.15443037974683543,76.86,0.5848101265822785,9,-1.0,-1.8369701987210297e-16,7,-2.4492935982947064e-16,1.0,1
6,5,sep,wed,92.6,115.4,777.1,8.8,24.3,27,4.9,0.0,0.0,Autumn,0,993.9,0.8678571428571429,119.07000000000001,4.121428571428572,9,-1.0,-1.8369701987210297e-16,3,0.43388373911755823,-0.900968867902419,2
4,4,sep,wed,92.6,115.4,777.1,8.8,19.7,41,1.8,0.0,1.58,Autumn,0,993.9,0.46904761904761905,35.46,2.7476190476190476,9,-1.0,-1.8369701987210297e-16,3,0.43388373911755823,-0.900968867902419,3
3,4,sep,wed,91.2,134.7,817.5,7.2,18.5,30,2.7,0.0,0.0,Autumn,0,1050.6000000000001,0.5967741935483871,49.95,4.34516129032258,9,-1.0,-1.8369701987210297e-16,3,0.43388373911755823,-0.900968867902419,3
4,5,sep,thu,92.4,96.2,739.4,8.6,18.6,24,5.8,0.0,0.0,Autumn,0,936.6,0.7440000000000001,107.88000000000001,3.8480000000000003,9,-1.0,-1.8369701987210297e-16,4,-0.433883739117558,-0.9009688679024191,3
4,4,sep,thu,92.4,96.2,739.4,8.6,19.2,24,4.9,0.0,3.78,Autumn,0,936.6,0.768,94.08,3.8480000000000003,9,-1.0,-1.8369701987210297e-16,4,-0.433883739117558,-0.9009688679024191,3
6,5,sep,thu,92.8,119.0,783.5,7.5,21.6,27,2.2,0.0,0.0,Autumn,0,1002.8,0.7714285714285715,47.52000000000001,4.25,9,-1.0,-1.8369701987210297e-16,4,-0.433883739117558,-0.9009688679024191,2
5,4,sep,thu,92.8,119.0,783.5,7.5,21.6,28,6.3,0.0,4.41,Autumn,0,1002.8,0.7448275862068966,136.08,4.103448275862069,9,-1.0,-1.8369701987210297e-16,4,-0.433883739117558,-0.9009688679024191,3
6,3,sep,thu,92.8,119.0,783.5,7.5,18.9,34,7.2,0.0,34.36,Autumn,0,1002.8,0.5399999999999999,136.07999999999998,3.4,9,-1.0,-1.8369701987210297e-16,4,-0.433883739117558,-0.9009688679024191,2
1,4,sep,thu,92.8,119.0,783.5,7.5,16.8,28,4.0,0.0,7.21,Autumn,0,1002.8,0.5793103448275863,67.2,4.103448275862069,9,-1.0,-1.8369701987210297e-16,4,-0.433883739117558,-0.9009688679024191,1
6,5,sep,thu,92.8,119.0,783.5,7.5,16.8,28,4.0,0.0,1.01,Autumn,0,1002.8,0.5793103448275863,67.2,4.103448275862069,9,-1.0,-1.8369701987210297e-16,4,-0.433883739117558,-0.9009688679024191,2
3,5,sep,thu,90.7,136.9,822.8,6.8,12.9,39,2.7,0.0,2.18,Autumn,0,1057.2,0.3225,34.830000000000005,3.4225000000000003,9,-1.0,-1.8369701987210297e-16,4,-0.433883739117558,-0.9009688679024191,3
6,5,sep,thu,88.1,53.3,726.9,5.4,13.7,56,1.8,0.0,4.42,Autumn,0,873.6999999999999,0.24035087719298245,24.66,0.9350877192982455,9,-1.0,-1.8369701987210297e-16,4,-0.433883739117558,-0.9009688679024191,2
1,4,sep,sat,92.2,102.3,751.5,8.4,24.2,27,3.1,0.0,0.0,Autumn,0,954.4,0.8642857142857142,75.02,3.6535714285714285,9,-1.0,-1.8369701987210297e-16,6,-0.7818314824680299,0.6234898018587334,1
5,4,sep,sat,92.2,102.3,751.5,8.4,24.1,27,3.1,0.0,0.0,Autumn,0,954.4,0.8607142857142858,74.71000000000001,3.6535714285714285,9,-1.0,-1.8369701987210297e-16,6,-0.7818314824680299,0.6234898018587334,3
6,5,sep,sat,92.2,102.3,751.5,8.4,21.2,32,2.2,0.0,0.0,Autumn,0,954.4,0.6424242424242425,46.64,3.1,9,-1.0,-1.8369701987210297e-16,6,-0.7818314824680299,0.6234898018587334,2
6,5,sep,sat,92.2,102.3,751.5,8.4,19.7,35,1.8,0.0,0.0,Autumn,0,954.4,0.5472222222222222,35.46,2.841666666666667,9,-1.0,-1.8369701987210297e-16,6,-0.7818314824680299,0.6234898018587334,2
4,3,sep,sat,92.2,102.3,751.5,8.4,23.5,27,4.0,0.0,3.33,Autumn,0,954.4,0.8392857142857143,94.0,3.6535714285714285,9,-1.0,-1.8369701987210297e-16,6,-0.7818314824680299,0.6234898018587334,3
3,3,sep,sat,92.2,102.3,751.5,8.4,24.2,27,3.1,0.0,6.58,Autumn,0,954.4,0.8642857142857142,75.02,3.6535714285714285,9,-1.0,-1.8369701987210297e-16,6,-0.7818314824680299,0.6234898018587334,1
7,4,sep,sat,91.2,124.4,795.3,8.5,21.5,28,4.5,0.0,15.64,Autumn,0,1019.4,0.7413793103448276,96.75,4.289655172413793,9,-1.0,-1.8369701987210297e-16,6,-0.7818314824680299,0.6234898018587334,2
4,4,sep,sat,91.2,124.4,795.3,8.5,17.1,41,2.2,0.0,11.22,Autumn,0,1019.4,0.4071428571428572,37.620000000000005,2.961904761904762,9,-1.0,-1.8369701987210297e-16,6,-0.7818314824680299,0.6234898018587334,3
1,4,sep,mon,92.1,87.7,721.1,9.5,18.1,54,3.1,0.0,2.13,Autumn,0,910.4000000000001,0.3290909090909091,56.11000000000001,1.5945454545454545,9,-1.0,-1.8369701987210297e-16,1,0.7818314824680298,0.6234898018587336,1
2,3,sep,mon,91.6,108.4,764.0,6.2,18.0,51,5.4,0.0,0.0,Autumn,0,970.2,0.34615384615384615,97.2,2.0846153846153848,9,-1.0,-1.8369701987210297e-16,1,0.7818314824680298,0.6234898018587336,1
4,3,sep,mon,91.6,108.4,764.0,6.2,9.8,86,1.8,0.0,0.0,Autumn,0,970.2,0.11264367816091955,17.64,1.245977011494253,9,-1.0,-1.8369701987210297e-16,1,0.7818314824680298,0.6234898018587336,3
7,4,sep,mon,91.6,108.4,764.0,6.2,19.3,44,2.2,0.0,0.0,Autumn,0,970.2,0.42888888888888893,42.46000000000001,2.408888888888889,9,-1.0,-1.8369701987210297e-16,1,0.7818314824680298,0.6234898018587336,2
6,3,sep,mon,91.6,108.4,764.0,6.2,23.0,34,2.2,0.0,56.04,Autumn,0,970.2,0.6571428571428571,50.6,3.0971428571428574,9,-1.0,-1.8369701987210297e-16,1,0.7818314824680298,0.6234898018587336,2
8,6,sep,mon,91.6,108.4,764.0,6.2,22.7,35,2.2,0.0,7.48,Autumn,0,970.2,0.6305555555555555,49.940000000000005,3.011111111111111,9,-1.0,-1.8369701987210297e-16,1,0.7818314824680298,0.6234898018587336,0
2,4,sep,mon,91.6,108.4,764.0,6.2,20.4,41,1.8,0.0,1.47,Autumn,0,970.2,0.48571428571428565,36.72,2.580952380952381,9,-1.0,-1.8369701987210297e-16,1,0.7818314824680298,0.6234898018587336,1
2,5,sep,mon,91.6,108.4,764.0,6.2,19.3,44,2.2,0.0,3.93,Autumn,0,970.2,0.42888888888888893,42.46000000000001,2.408888888888889,9,-1.0,-1.8369701987210297e-16,1,0.7818314824680298,0.6234898018587336,1
8,6,sep,mon,91.9,111.7,770.3,6.5,15.7,51,2.2,0.0,0.0,Autumn,0,980.4,0.3019230769230769,34.54,2.148076923076923,9,-1.0,-1.8369701987210297e-16,1,0.7818314824680298,0.6234898018587336,0
6,3,sep,mon,91.5,130.1,807.1,7.5,20.6,37,1.8,0.0,0.0,Autumn,0,1036.2,0.5421052631578948,37.080000000000005,3.4236842105263157,9,-1.0,-1.8369701987210297e-16,1,0.7818314824680298,0.6234898018587336,2
8,6,sep,mon,91.5,130.1,807.1,7.5,15.9,51,4.5,0.0,2.18,Autumn,0,1036.2,0.3057692307692308,71.55,2.501923076923077,9,-1.0,-1.8369701987210297e-16,1,0.7818314824680298,0.6234898018587336,0
6,3,sep,mon,91.5,130.1,807.1,7.5,12.2,66,4.9,0.0,6.1,Autumn,0,1036.2,0.18208955223880596,59.78,1.9417910447761193,9,-1.0,-1.8369701987210297e-16,1,0.7818314824680298,0.6234898018587336,2
2,2,sep,mon,91.5,130.1,807.1,7.5,16.8,43,3.1,0.0,5.83,Autumn,0,1036.2,0.38181818181818183,52.080000000000005,2.9568181818181816,9,-1.0,-1.8369701987210297e-16,1,0.7818314824680298,0.6234898018587336,1
1,4,sep,mon,91.5,130.1,807.1,7.5,21.3,35,2.2,0.0,28.19,Autumn,0,1036.2,0.5916666666666667,46.86000000000001,3.613888888888889,9,-1.0,-1.8369701987210297e-16,1,0.7818314824680298,0.6234898018587336,1
5,4,sep,fri,92.1,99.0,745.3,9.6,10.1,75,3.6,0.0,0.0,Autumn,0,946.0,0.13289473684210526,36.36,1.3026315789473684,9,-1.0,-1.8369701987210297e-16,5,-0.9749279121818236,-0.2225209339563146,3
3,4,sep,fri,92.1,99.0,745.3,9.6,17.4,57,4.5,0.0,0.0,Autumn,0,946.0,0.3,78.3,1.706896551724138,9,-1.0,-1.8369701987210297e-16,5,-0.9749279121818236,-0.2225209339563146,3
5,4,sep,fri,92.1,99.0,745.3,9.6,12.8,64,3.6,0.0,1.64,Autumn,0,946.0,0.19692307692307692,46.080000000000005,1.523076923076923,9,-1.0,-1.8369701987210297e-16,5,-0.9749279121818236,-0.2225209339563146,3
5,4,sep,fri,92.1,99.0,745.3,9.6,10.1,75,3.6,0.0,3.71,Autumn,0,946.0,0.13289473684210526,36.36,1.3026315789473684,9,-1.0,-1.8369701987210297e-16,5,-0.9749279121818236,-0.2225209339563146,3
4,4,sep,fri,92.1,99.0,745.3,9.6,15.4,53,6.3,0.0,7.31,Autumn,0,946.0,0.2851851851851852,97.02,1.8333333333333333,9,-1.0,-1.8369701987210297e-16,5,-0.9749279121818236,-0.2225209339563146,3
7,4,sep,fri,92.1,99.0,745.3,9.6,20.6,43,3.6,0.0,2.03,Autumn,0,946.0,0.4681818181818182,74.16000000000001,2.25,9,-1.0,-1.8369701987210297e-16,5,-0.9749279121818236,-0.2225209339563146,2
7,4,sep,fri,92.1,99.0,745.3,9.6,19.8,47,2.7,0.0,1.72,Autumn,0,946.0,0.41250000000000003,53.46000000000001,2.0625,9,-1.0,-1.8369701987210297e-16,5,-0.9749279121818236,-0.2225209339563146,2
7,4,sep,fri,92.1,99.0,745.3,9.6,18.7,50,2.2,0.0,5.97,Autumn,0,946.0,0.36666666666666664,41.14,1.9411764705882353,9,-1.0,-1.8369701987210297e-16,5,-0.9749279121818236,-0.2225209339563146,2
4,4,sep,fri,92.1,99.0,745.3,9.6,20.8,35,4.9,0.0,13.06,Autumn,0,946.0,0.5777777777777778,101.92000000000002,2.75,9,-1.0,-1.8369701987210297e-16,5,-0.9749279121818236,-0.2225209339563146,3
4,4,sep,fri,92.1,99.0,745.3,9.6,20.8,35,4.9,0.0,1.26,Autumn,0,946.0,0.5777777777777778,101.92000000000002,2.75,9,-1.0,-1.8369701987210297e-16,5,-0.9749279121818236,-0.2225209339563146,3
6,3,sep,fri,92.5,122.0,789.7,10.2,15.9,55,3.6,0.0,0.0,Autumn,0,1014.4000000000001,0.2839285714285714,57.24,2.1785714285714284,9,-1.0,-1.8369701987210297e-16,5,-0.9749279121818236,-0.2225209339563146,2
6,3,sep,fri,92.5,122.0,789.7,10.2,19.7,39,2.7,0.0,0.0,Autumn,0,1014.4000000000001,0.4925,53.190000000000005,3.05,9,-1.0,-1.8369701987210297e-16,5,-0.9749279121818236,-0.2225209339563146,2
1,4,sep,fri,92.5,122.0,789.7,10.2,21.1,39,2.2,0.0,8.12,Autumn,0,1014.4000000000001,0.5275000000000001,46.42000000000001,3.05,9,-1.0,-1.8369701987210297e-16,5,-0.9749279121818236,-0.2225209339563146,1
6,5,sep,fri,92.5,122.0,789.7,10.2,18.4,42,2.2,0.0,1.09,Autumn,0,1014.4000000000001,0.42790697674418604,40.48,2.8372093023255816,9,-1.0,-1.8369701987210297e-16,5,-0.9749279121818236,-0.2225209339563146,2
4,3,sep,fri,92.5,122.0,789.7,10.2,17.3,45,4.0,0.0,3.94,Autumn,0,1014.4000000000001,0.3760869565217391,69.2,2.652173913043478,9,-1.0,-1.8369701987210297e-16,5,-0.9749279121818236,-0.2225209339563146,3
7,4,sep,fri,88.2,55.2,732.3,11.6,15.2,64,3.1,0.0,0.52,Autumn,0,887.3,0.23384615384615384,47.12,0.8492307692307692,9,-1.0,-1.8369701987210297e-16,5,-0.9749279121818236,-0.2225209339563146,2
4,3,sep,tue,91.9,111.7,770.3,6.5,15.9,53,2.2,0.0,2.93,Autumn,0,980.4,0.29444444444444445,34.980000000000004,2.0685185185185184,9,-1.0,-1.8369701987210297e-16,2,0.9749279121818236,-0.22252093395631434,3
6,5,sep,tue,91.9,111.7,770.3,6.5,21.1,35,2.7,0.0,5.65,Autumn,0,980.4,0.5861111111111111,56.970000000000006,3.102777777777778,9,-1.0,-1.8369701987210297e-16,2,0.9749279121818236,-0.22252093395631434,2
6,5,sep,tue,91.9,111.7,770.3,6.5,19.6,45,3.1,0.0,20.03,Autumn,0,980.4,0.42608695652173917,60.760000000000005,2.4282608695652175,9,-1.0,-1.8369701987210297e-16,2,0.9749279121818236,-0.22252093395631434,2
4,5,sep,tue,91.1,132.3,812.1,12.5,15.9,38,5.4,0.0,1.75,Autumn,0,1048.0,0.4076923076923077,85.86000000000001,3.3923076923076927,9,-1.0,-1.8369701987210297e-16,2,0.9749279121818236,-0.22252093395631434,3
4,5,sep,tue,91.1,132.3,812.1,12.5,16.4,27,3.6,0.0,0.0,Autumn,0,1048.0,0.5857142857142856,59.04,4.7250000000000005,9,-1.0,-1.8369701987210297e-16,2,0.9749279121818236,-0.22252093395631434,3
6,5,sep,sat,91.2,94.3,744.4,8.4,16.8,47,4.9,0.0,12.64,Autumn,0,938.3,0.35000000000000003,82.32000000000001,1.9645833333333333,9,-1.0,-1.8369701987210297e-16,6,-0.7818314824680299,0.6234898018587334,2
4,5,sep,sun,91.0,276.3,825.1,7.1,13.8,77,7.6,0.0,0.0,Autumn,0,1199.5,0.17692307692307693,104.88,3.5423076923076926,9,-1.0,-1.8369701987210297e-16,7,-2.4492935982947064e-16,1.0,3
7,4,sep,sun,91.0,276.3,825.1,7.1,13.8,77,7.6,0.0,11.06,Autumn,0,1199.5,0.17692307692307693,104.88,3.5423076923076926,9,-1.0,-1.8369701987210297e-16,7,-2.4492935982947064e-16,1.0,2
3,4,jul,wed,91.9,133.6,520.5,8.0,14.2,58,4.0,0.0,0.0,Summer,0,754.0,0.2406779661016949,56.8,2.2644067796610168,7,-0.4999999999999997,-0.8660254037844388,3,0.43388373911755823,-0.900968867902419,3
4,5,aug,sun,92.0,203.2,664.5,8.1,10.4,75,0.9,0.0,0.0,Summer,0,967.8000000000001,0.1368421052631579,9.360000000000001,2.6736842105263157,8,-0.8660254037844385,-0.5000000000000004,7,-2.4492935982947064e-16,1.0,3
5,4,aug,thu,94.8,222.4,698.6,13.9,20.3,42,2.7,0.0,0.0,Summer,0,1029.7,0.472093023255814,54.81,5.172093023255814,8,-0.8660254037844385,-0.5000000000000004,4,-0.433883739117558,-0.9009688679024191,3
6,5,sep,fri,90.3,290.0,855.3,7.4,10.3,78,4.0,0.0,18.3,Autumn,0,1243.0,0.13037974683544304,41.2,3.670886075949367,9,-1.0,-1.8369701987210297e-16,5,-0.9749279121818236,-0.2225209339563146,2
6,5,sep,sat,91.2,94.3,744.4,8.4,15.4,57,4.9,0.0,39.35,Autumn,0,938.3,0.2655172413793104,75.46000000000001,1.6258620689655172,9,-1.0,-1.8369701987210297e-16,6,-0.7818314824680299,0.6234898018587334,2
8,6,aug,mon,92.1,207.0,672.6,8.2,21.1,54,2.2,0.0,0.0,Summer,0,979.9000000000001,0.38363636363636366,46.42000000000001,3.7636363636363637,8,-0.8660254037844385,-0.5000000000000004,1,0.7818314824680298,0.6234898018587336,0
2,2,aug,sat,93.7,231.1,715.1,8.4,21.9,42,2.2,0.0,174.63,Summer,0,1048.3000000000002,0.5093023255813953,48.18,5.374418604651162,8,-0.8660254037844385,-0.5000000000000004,6,-0.7818314824680299,0.6234898018587334,1
6,5,mar,thu,90.9,18.9,30.6,8.0,8.7,51,5.8,0.0,0.0,Spring,0,148.4,0.1673076923076923,50.459999999999994,0.36346153846153845,3,1.0,6.123233995736766e-17,4,-0.433883739117558,-0.9009688679024191,2
4,5,jan,sun,18.7,1.1,171.4,0.0,5.2,100,0.9,0.0,0.0,Winter,0,191.20000000000002,0.05148514851485149,4.680000000000001,0.010891089108910892,1,0.49999999999999994,0.8660254037844387,7,-2.4492935982947064e-16,1.0,3
5,4,jul,wed,93.7,101.3,458.8,11.9,19.3,39,7.2,0.0,7.73,Summer,0,665.6999999999999,0.48250000000000004,138.96,2.5324999999999998,7,-0.4999999999999997,-0.8660254037844388,3,0.43388373911755823,-0.900968867902419,3
8,6,aug,thu,90.7,194.1,643.0,6.8,16.2,63,2.7,0.0,16.33,Summer,0,934.5999999999999,0.253125,43.74,3.0328125,8,-0.8660254037844385,-0.5000000000000004,4,-0.433883739117558,-0.9009688679024191,0
8,6,aug,wed,95.2,217.7,690.0,18.0,28.2,29,1.8,0.0,5.86,Summer,0,1020.9,0.94,50.76,7.256666666666666,8,-0.8660254037844385,-0.5000000000000004,3,0.43388373911755823,-0.900968867902419,0
9,6,aug,thu,91.6,248.4,753.8,6.3,20.5,58,2.7,0.0,42.87,Summer,0,1100.1,0.3474576271186441,55.35,4.2101694915254235,8,-0.8660254037844385,-0.5000000000000004,4,-0.433883739117558,-0.9009688679024191,0
8,4,aug,sat,91.6,273.8,819.1,7.7,21.3,44,4.5,0.0,12.18,Summer,0,1192.2,0.47333333333333333,95.85000000000001,6.084444444444444,8,-0.8660254037844385,-0.5000000000000004,6,-0.7818314824680299,0.6234898018587334,2
2,4,aug,sun,91.6,181.3,613.0,7.6,20.9,50,2.2,0.0,16.0,Summer,0,893.5,0.40980392156862744,45.980000000000004,3.554901960784314,8,-0.8660254037844385,-0.5000000000000004,7,-2.4492935982947064e-16,1.0,1
3,4,sep,sun,90.5,96.7,750.5,11.4,20.6,55,5.4,0.0,24.59,Autumn,0,949.1,0.3678571428571429,111.24000000000001,1.7267857142857144,9,-1.0,-1.8369701987210297e-16,7,-2.4492935982947064e-16,1.0,3
5,5,mar,thu,90.9,18.9,30.6,8.0,11.6,48,5.4,0.0,0.0,Spring,0,148.4,0.236734693877551,62.64,0.3857142857142857,3,1.0,6.123233995736766e-17,4,-0.433883739117558,-0.9009688679024191,3
6,4,aug,fri,94.8,227.0,706.7,12.0,23.3,34,3.1,0.0,28.74,Summer,0,1040.5,0.6657142857142857,72.23,6.485714285714286,8,-0.8660254037844385,-0.5000000000000004,5,-0.9749279121818236,-0.2225209339563146,2
7,4,aug,fri,94.8,227.0,706.7,12.0,23.3,34,3.1,0.0,0.0,Summer,0,1040.5,0.6657142857142857,72.23,6.485714285714286,8,-0.8660254037844385,-0.5000000000000004,5,-0.9749279121818236,-0.2225209339563146,2
7,4,feb,mon,84.7,9.5,58.3,4.1,7.5,71,6.3,0.0,9.96,Winter,0,156.6,0.10416666666666667,47.25,0.13194444444444445,2,0.8660254037844386,0.5000000000000001,1,0.7818314824680298,0.6234898018587336,2
8,6,sep,fri,91.1,91.3,738.1,7.2,20.7,46,2.7,0.0,30.18,Autumn,0,927.7,0.4404255319148936,55.89,1.9425531914893617,9,-1.0,-1.8369701987210297e-16,5,-0.9749279121818236,-0.2225209339563146,0
1,3,sep,sun,91.0,276.3,825.1,7.1,21.9,43,4.0,0.0,70.76,Autumn,0,1199.5,0.4977272727272727,87.6,6.279545454545455,9,-1.0,-1.8369701987210297e-16,7,-2.4492935982947064e-16,1.0,1
2,4,mar,tue,93.4,15.0,25.6,11.4,15.2,19,7.6,0.0,0.0,Spring,0,145.4,0.76,115.52,0.75,3,1.0,6.123233995736766e-17,2,0.9749279121818236,-0.22252093395631434,1
6,5,feb,mon,84.1,4.6,46.7,2.2,5.3,68,1.8,0.0,0.0,Winter,0,137.59999999999997,0.07681159420289854,9.54,0.06666666666666667,2,0.8660254037844386,0.5000000000000001,1,0.7818314824680298,0.6234898018587336,2
4,5,feb,sun,85.0,9.0,56.9,3.5,10.1,62,1.8,0.0,51.78,Winter,0,154.4,0.1603174603174603,18.18,0.14285714285714285,2,0.8660254037844386,0.5000000000000001,7,-2.4492935982947064e-16,1.0,3
4,3,sep,sun,90.5,96.7,750.5,11.4,20.4,55,4.9,0.0,3.64,Autumn,0,949.1,0.36428571428571427,99.96,1.7267857142857144,9,-1.0,-1.8369701987210297e-16,7,-2.4492935982947064e-16,1.0,3
5,6,aug,sun,91.6,181.3,613.0,7.6,24.3,33,3.6,0.0,3.63,Summer,0,893.5,0.7147058823529412,87.48,5.332352941176471,8,-0.8660254037844385,-0.5000000000000004,7,-2.4492935982947064e-16,1.0,3
1,2,aug,sat,93.7,231.1,715.1,8.4,25.9,32,3.1,0.0,0.0,Summer,0,1048.3000000000002,0.7848484848484848,80.28999999999999,7.003030303030303,8,-0.8660254037844385,-0.5000000000000004,6,-0.7818314824680299,0.6234898018587334,1
9,5,jun,wed,93.3,49.5,297.7,14.0,28.0,34,4.5,0.0,0.0,Summer,0,454.5,0.8,126.0,1.4142857142857144,6,1.2246467991473532e-16,-1.0,3,0.43388373911755823,-0.900968867902419,0
9,5,jun,wed,93.3,49.5,297.7,14.0,28.0,34,4.5,0.0,8.16,Summer,0,454.5,0.8,126.0,1.4142857142857144,6,1.2246467991473532e-16,-1.0,3,0.43388373911755823,-0.900968867902419,0
3,4,sep,thu,91.1,88.2,731.7,8.3,22.8,46,4.0,0.0,4.95,Autumn,0,919.3,0.48510638297872344,91.2,1.8765957446808512,9,-1.0,-1.8369701987210297e-16,4,-0.433883739117558,-0.9009688679024191,3
9,9,aug,fri,94.8,227.0,706.7,12.0,25.0,36,4.0,0.0,0.0,Summer,0,1040.5,0.6756756756756757,100.0,6.135135135135135,8,-0.8660254037844385,-0.5000000000000004,5,-0.9749279121818236,-0.2225209339563146,0
8,6,aug,thu,90.7,194.1,643.0,6.8,21.3,41,3.6,0.0,0.0,Summer,0,934.5999999999999,0.5071428571428571,76.68,4.621428571428571,8,-0.8660254037844385,-0.5000000000000004,4,-0.433883739117558,-0.9009688679024191,0
2,4,sep,wed,87.9,84.8,725.1,3.7,21.8,34,2.2,0.0,6.04,Autumn,0,901.5,0.6228571428571429,47.96000000000001,2.4228571428571426,9,-1.0,-1.8369701987210297e-16,3,0.43388373911755823,-0.900968867902419,1
2,2,aug,tue,94.6,212.1,680.9,9.5,27.9,27,2.2,0.0,0.0,Summer,0,997.0999999999999,0.9964285714285713,61.38,7.575,8,-0.8660254037844385,-0.5000000000000004,2,0.9749279121818236,-0.22252093395631434,1
6,5,sep,sat,87.1,291.3,860.6,4.0,17.0,67,4.9,0.0,3.95,Autumn,0,1243.0,0.25,83.30000000000001,4.283823529411765,9,-1.0,-1.8369701987210297e-16,6,-0.7818314824680299,0.6234898018587334,2
4,5,feb,sat,84.7,8.2,55.0,2.9,14.2,46,4.0,0.0,0.0,Winter,0,150.8,0.3021276595744681,56.8,0.17446808510638295,2,0.8660254037844386,0.5000000000000001,6,-0.7818314824680299,0.6234898018587334,3
4,3,sep,fri,90.3,290.0,855.3,7.4,19.9,44,3.1,0.0,7.8,Autumn,0,1243.0,0.4422222222222222,61.69,6.444444444444445,9,-1.0,-1.8369701987210297e-16,5,-0.9749279121818236,-0.2225209339563146,3
1,4,jul,tue,92.3,96.2,450.2,12.1,23.4,31,5.4,0.0,0.0,Summer,0,650.8000000000001,0.73125,126.36,3.00625,7,-0.4999999999999997,-0.8660254037844388,2,0.9749279121818236,-0.22252093395631434,1
6,3,feb,fri,84.1,7.3,52.8,2.7,14.7,42,2.7,0.0,0.0,Winter,0,146.89999999999998,0.34186046511627904,39.69,0.1697674418604651,2,0.8660254037844386,0.5000000000000001,5,-0.9749279121818236,-0.2225209339563146,2
7,4,feb,fri,84.6,3.2,43.6,3.3,8.2,53,9.4,0.0,4.62,Winter,0,134.70000000000002,0.15185185185185185,77.08,0.05925925925925926,2,0.8660254037844386,0.5000000000000001,5,-0.9749279121818236,-0.2225209339563146,2
9,4,jul,mon,92.3,92.1,442.1,9.8,22.8,27,4.5,0.0,1.63,Summer,0,636.3,0.8142857142857143,102.60000000000001,3.289285714285714,7,-0.4999999999999997,-0.8660254037844388,1,0.7818314824680298,0.6234898018587336,0
7,5,aug,sat,93.7,231.1,715.1,8.4,26.4,33,3.6,0.0,0.0,Summer,0,1048.3000000000002,0.776470588235294,95.03999999999999,6.797058823529412,8,-0.8660254037844385,-0.5000000000000004,6,-0.7818314824680299,0.6234898018587334,2
5,4,aug,sun,93.6,235.1,723.1,10.1,24.1,50,4.0,0.0,0.0,Summer,0,1061.8999999999999,0.4725490196078432,96.4,4.609803921568627,8,-0.8660254037844385,-0.5000000000000004,7,-2.4492935982947064e-16,1.0,3
8,6,aug,thu,94.8,222.4,698.6,13.9,27.5,27,4.9,0.0,746.28,Summer,0,1029.7,0.9821428571428571,134.75,7.942857142857143,8,-0.8660254037844385,-0.5000000000000004,4,-0.433883739117558,-0.9009688679024191,0
6,3,jul,tue,92.7,164.1,575.8,8.9,26.3,39,3.1,0.0,7.02,Summer,0,841.4999999999999,0.6575,81.53,4.1025,7,-0.4999999999999997,-0.8660254037844388,2,0.9749279121818236,-0.22252093395631434,2
6,5,mar,wed,93.4,17.3,28.3,9.9,13.8,24,5.8,0.0,0.0,Spring,0,148.9,0.552,80.04,0.6920000000000001,3,1.0,6.123233995736766e-17,3,0.43388373911755823,-0.900968867902419,2
2,4,aug,sun,92.0,203.2,664.5,8.1,24.9,42,5.4,0.0,2.44,Summer,0,967.8000000000001,0.5790697674418605,134.46,4.725581395348837,8,-0.8660254037844385,-0.5000000000000004,7,-2.4492935982947064e-16,1.0,1
2,5,aug,sun,91.6,181.3,613.0,7.6,24.8,36,4.0,0.0,3.05,Summer,0,893.5,0.6702702702702703,99.2,4.9,8,-0.8660254037844385,-0.5000000000000004,7,-2.4492935982947064e-16,1.0,1
8,8,aug,wed,91.7,191.4,635.9,7.8,26.2,36,4.5,0.0,185.76,Summer,0,926.8,0.7081081081081081,117.89999999999999,5.172972972972973,8,-0.8660254037844385,-0.5000000000000004,3,0.43388373911755823,-0.900968867902419,0
2,4,aug,wed,95.2,217.7,690.0,18.0,30.8,19,4.5,0.0,0.0,Summer,0,1020.9,1.54,138.6,10.885,8,-0.8660254037844385,-0.5000000000000004,3,0.43388373911755823,-0.900968867902419,1
8,6,jul,sun,88.9,263.1,795.9,5.2,29.3,27,3.6,0.0,6.3,Summer,0,1153.1000000000001,1.0464285714285715,105.48,9.396428571428572,7,-0.4999999999999997,-0.8660254037844388,7,-2.4492935982947064e-16,1.0,0
1,3,sep,sat,91.2,94.3,744.4,8.4,22.3,48,4.0,0.0,0.72,Autumn,0,938.3,0.45510204081632655,89.2,1.9244897959183673,9,-1.0,-1.8369701987210297e-16,6,-0.7818314824680299,0.6234898018587334,1
8,6,aug,sat,93.7,231.1,715.1,8.4,26.9,31,3.6,0.0,4.96,Summer,0,1048.3000000000002,0.840625,96.84,7.221875,8,-0.8660254037844385,-0.5000000000000004,6,-0.7818314824680299,0.6234898018587334,0
2,2,aug,thu,91.6,248.4,753.8,6.3,20.4,56,2.2,0.0,0.0,Summer,0,1100.1,0.35789473684210527,44.88,4.3578947368421055,8,-0.8660254037844385,-0.5000000000000004,4,-0.433883739117558,-0.9009688679024191,1
8,6,aug,thu,91.6,248.4,753.8,6.3,20.4,56,2.2,0.0,0.0,Summer,0,1100.1,0.35789473684210527,44.88,4.3578947368421055,8,-0.8660254037844385,-0.5000000000000004,4,-0.433883739117558,-0.9009688679024191,0
2,4,aug,mon,92.1,207.0,672.6,8.2,27.9,33,2.2,0.0,2.35,Summer,0,979.9000000000001,0.8205882352941176,61.38,6.088235294117647,8,-0.8660254037844385,-0.5000000000000004,1,0.7818314824680298,0.6234898018587336,1
1,3,aug,thu,94.8,222.4,698.6,13.9,26.2,34,5.8,0.0,0.0,Summer,0,1029.7,0.7485714285714286,151.95999999999998,6.354285714285714,8,-0.8660254037844385,-0.5000000000000004,4,-0.433883739117558,-0.9009688679024191,1
3,4,aug,sun,91.6,181.3,613.0,7.6,24.6,44,4.0,0.0,3.2,Summer,0,893.5,0.5466666666666667,98.4,4.028888888888889,8,-0.8660254037844385,-0.5000000000000004,7,-2.4492935982947064e-16,1.0,3
7,4,sep,thu,89.7,287.2,849.3,6.8,19.4,45,3.6,0.0,0.0,Autumn,0,1232.9999999999998,0.42173913043478256,69.84,6.243478260869565,9,-1.0,-1.8369701987210297e-16,4,-0.433883739117558,-0.9009688679024191,2
1,3,aug,sat,92.1,178.0,605.3,9.6,23.3,40,4.0,0.0,6.36,Summer,0,885.0,0.5682926829268293,93.2,4.341463414634147,8,-0.8660254037844385,-0.5000000000000004,6,-0.7818314824680299,0.6234898018587334,1
8,6,aug,thu,94.8,222.4,698.6,13.9,23.9,38,6.7,0.0,0.0,Summer,0,1029.7,0.6128205128205128,160.13,5.702564102564103,8,-0.8660254037844385,-0.5000000000000004,4,-0.433883739117558,-0.9009688679024191,0
2,4,aug,sun,93.6,235.1,723.1,10.1,20.9,66,4.9,0.0,15.34,Summer,0,1061.8999999999999,0.3119402985074627,102.41,3.508955223880597,8,-0.8660254037844385,-0.5000000000000004,7,-2.4492935982947064e-16,1.0,1
1,4,aug,fri,90.6,269.8,811.2,5.5,22.2,45,3.6,0.0,0.0,Summer,0,1177.1,0.4826086956521739,79.92,5.865217391304348,8,-0.8660254037844385,-0.5000000000000004,5,-0.9749279121818236,-0.2225209339563146,1
2,5,jul,sat,90.8,84.7,376.6,5.6,23.8,51,1.8,0.0,0.0,Summer,0,557.7,0.45769230769230773,42.84,1.6288461538461538,7,-0.4999999999999997,-0.8660254037844388,6,-0.7818314824680299,0.6234898018587334,1
8,6,aug,mon,92.1,207.0,672.6,8.2,26.8,35,1.3,0.0,0.54,Summer,0,979.9000000000001,0.7444444444444445,34.84,5.75,8,-0.8660254037844385,-0.5000000000000004,1,0.7818314824680298,0.6234898018587336,0
8,6,aug,sat,89.4,253.6,768.4,9.7,14.2,73,2.7,0.0,0.0,Summer,0,1121.1000000000001,0.19189189189189187,38.34,3.427027027027027,8,-0.8660254037844385,-0.5000000000000004,6,-0.7818314824680299,0.6234898018587334,0
2,5,aug,sat,93.7,231.1,715.1,8.4,23.6,53,4.0,0.0,6.43,Summer,0,1048.3000000000002,0.43703703703703706,94.4,4.279629629629629,8,-0.8660254037844385,-0.5000000000000004,6,-0.7818314824680299,0.6234898018587334,1
1,3,sep,fri,91.1,91.3,738.1,7.2,19.1,46,2.2,0.0,0.33,Autumn,0,927.7,0.4063829787234043,42.02,1.9425531914893617,9,-1.0,-1.8369701987210297e-16,5,-0.9749279121818236,-0.2225209339563146,1
5,4,sep,fri,90.3,290.0,855.3,7.4,16.2,58,3.6,0.0,0.0,Autumn,0,1243.0,0.2745762711864407,58.32,4.915254237288136,9,-1.0,-1.8369701987210297e-16,5,-0.9749279121818236,-0.2225209339563146,3
8,6,aug,mon,92.1,207.0,672.6,8.2,25.5,29,1.8,0.0,1.23,Summer,0,979.9000000000001,0.85,45.9,6.9,8,-0.8660254037844385,-0.5000000000000004,1,0.7818314824680298,0.6234898018587336,0
6,5,apr,mon,87.9,24.9,41.6,3.7,10.9,64,3.1,0.0,3.35,Spring,0,158.1,0.1676923076923077,33.79,0.38307692307692304,4,0.8660254037844387,-0.4999999999999998,1,0.7818314824680298,0.6234898018587336,2
1,2,jul,fri,90.7,80.9,368.3,16.8,14.8,78,8.0,0.0,0.0,Summer,0,556.7,0.18734177215189873,118.4,1.0240506329113925,7,-0.4999999999999997,-0.8660254037844388,5,-0.9749279121818236,-0.2225209339563146,1
2,5,sep,fri,90.3,290.0,855.3,7.4,16.2,58,3.6,0.0,9.96,Autumn,0,1243.0,0.2745762711864407,58.32,4.915254237288136,9,-1.0,-1.8369701987210297e-16,5,-0.9749279121818236,-0.2225209339563146,1
5,5,aug,sun,94.0,47.9,100.7,10.7,17.3,80,4.5,0.0,0.0,Summer,0,253.3,0.21358024691358027,77.85000000000001,0.591358024691358,8,-0.8660254037844385,-0.5000000000000004,7,-2.4492935982947064e-16,1.0,3
6,5,aug,sun,92.0,203.2,664.5,8.1,19.1,70,2.2,0.0,0.0,Summer,0,967.8000000000001,0.2690140845070423,42.02,2.8619718309859152,8,-0.8660254037844385,-0.5000000000000004,7,-2.4492935982947064e-16,1.0,2
3,4,mar,wed,93.4,17.3,28.3,9.9,8.9,35,8.0,0.0,0.0,Spring,0,148.9,0.24722222222222223,71.2,0.48055555555555557,3,1.0,6.123233995736766e-17,3,0.43388373911755823,-0.900968867902419,3
7,4,sep,wed,89.7,284.9,844.0,10.1,10.5,77,4.0,0.0,0.0,Autumn,0,1228.6999999999998,0.1346153846153846,42.0,3.6525641025641025,9,-1.0,-1.8369701987210297e-16,3,0.43388373911755823,-0.900968867902419,2
7,4,aug,sun,91.6,181.3,613.0,7.6,19.3,61,4.9,0.0,0.0,Summer,0,893.5,0.31129032258064515,94.57000000000001,2.924193548387097,8,-0.8660254037844385,-0.5000000000000004,7,-2.4492935982947064e-16,1.0,2
4,5,aug,wed,95.2,217.7,690.0,18.0,23.4,49,5.4,0.0,6.43,Summer,0,1020.9,0.46799999999999997,126.36,4.354,8,-0.8660254037844385,-0.5000000000000004,3,0.43388373911755823,-0.900968867902419,3
1,4,aug,fri,90.5,196.8,649.9,16.3,11.8,88,4.9,0.0,9.71,Summer,0,953.5,0.13258426966292136,57.82000000000001,2.2112359550561798,8,-0.8660254037844385,-0.5000000000000004,5,-0.9749279121818236,-0.2225209339563146,1
7,4,aug,mon,91.5,238.2,730.6,7.5,17.7,65,4.0,0.0,0.0,Summer,0,1067.8,0.2681818181818182,70.8,3.609090909090909,8,-0.8660254037844385,-0.5000000000000004,1,0.7818314824680298,0.6234898018587336,2
4,5,aug,thu,89.4,266.2,803.3,5.6,17.4,54,3.1,0.0,0.0,Summer,0,1164.5,0.31636363636363635,53.94,4.84,8,-0.8660254037844385,-0.5000000000000004,4,-0.433883739117558,-0.9009688679024191,3
3,4,aug,thu,91.6,248.4,753.8,6.3,16.8,56,3.1,0.0,0.0,Summer,0,1100.1,0.2947368421052632,52.080000000000005,4.3578947368421055,8,-0.8660254037844385,-0.5000000000000004,4,-0.433883739117558,-0.9009688679024191,3
3,4,jul,mon,94.6,160.0,567.2,16.7,17.9,48,2.7,0.0,0.0,Summer,0,838.5000000000001,0.3653061224489796,48.33,3.2653061224489797,7,-0.4999999999999997,-0.8660254037844388,1,0.7818314824680298,0.6234898018587336,3
2,4,aug,thu,91.6,248.4,753.8,6.3,16.6,59,2.7,0.0,0.0,Summer,0,1100.1,0.27666666666666667,44.82000000000001,4.14,8,-0.8660254037844385,-0.5000000000000004,4,-0.433883739117558,-0.9009688679024191,1
1,4,aug,wed,91.7,191.4,635.9,7.8,19.9,50,4.0,0.0,82.75,Summer,0,926.8,0.3901960784313725,79.6,3.7529411764705882,8,-0.8660254037844385,-0.5000000000000004,3,0.43388373911755823,-0.900968867902419,1
8,6,aug,sat,93.7,231.1,715.1,8.4,18.9,64,4.9,0.0,3.32,Summer,0,1048.3000000000002,0.2907692307692307,92.61,3.5553846153846154,8,-0.8660254037844385,-0.5000000000000004,6,-0.7818314824680299,0.6234898018587334,0
7,4,aug,sat,91.6,273.8,819.1,7.7,15.5,72,8.0,0.0,1.94,Summer,0,1192.2,0.21232876712328766,124.0,3.7506849315068496,8,-0.8660254037844385,-0.5000000000000004,6,-0.7818314824680299,0.6234898018587334,2
2,5,aug,sat,93.7,231.1,715.1,8.4,18.9,64,4.9,0.0,0.0,Summer,0,1048.3000000000002,0.2907692307692307,92.61,3.5553846153846154,8,-0.8660254037844385,-0.5000000000000004,6,-0.7818314824680299,0.6234898018587334,1
8,6,aug,sat,93.7,231.1,715.1,8.4,18.9,64,4.9,0.0,0.0,Summer,0,1048.3000000000002,0.2907692307692307,92.61,3.5553846153846154,8,-0.8660254037844385,-0.5000000000000004,6,-0.7818314824680299,0.6234898018587334,0
1,4,sep,sun,91.0,276.3,825.1,7.1,14.5,76,7.6,0.0,3.71,Autumn,0,1199.5,0.18831168831168832,110.19999999999999,3.5883116883116886,9,-1.0,-1.8369701987210297e-16,7,-2.4492935982947064e-16,1.0,1
6,5,feb,tue,75.1,4.4,16.2,1.9,4.6,82,6.3,0.0,5.39,Winter,0,97.60000000000001,0.05542168674698795,28.979999999999997,0.05301204819277109,2,0.8660254037844386,0.5000000000000001,2,0.9749279121818236,-0.22252093395631434,2
6,4,feb,tue,75.1,4.4,16.2,1.9,5.1,77,5.4,0.0,2.14,Winter,0,97.60000000000001,0.06538461538461537,27.54,0.05641025641025642,2,0.8660254037844386,0.5000000000000001,2,0.9749279121818236,-0.22252093395631434,2
2,2,feb,sat,79.5,3.6,15.3,1.8,4.6,59,0.9,0.0,6.84,Winter,0,100.19999999999999,0.07666666666666666,4.14,0.060000000000000005,2,0.8660254037844386,0.5000000000000001,6,-0.7818314824680299,0.6234898018587334,1
6,5,mar,mon,87.2,15.1,36.9,7.1,10.2,45,5.8,0.0,3.18,Spring,0,146.29999999999998,0.2217391304347826,59.16,0.3282608695652174,3,1.0,6.123233995736766e-17,1,0.7818314824680298,0.6234898018587336,2
3,4,mar,wed,90.2,18.5,41.1,7.3,11.2,41,5.4,0.0,5.55,Spring,0,157.10000000000002,0.26666666666666666,60.48,0.44047619047619047,3,1.0,6.123233995736766e-17,3,0.43388373911755823,-0.900968867902419,3
6,5,mar,thu,91.3,20.6,43.5,8.5,13.3,27,3.6,0.0,6.61,Spring,0,163.9,0.47500000000000003,47.88,0.7357142857142858,3,1.0,6.123233995736766e-17,4,-0.433883739117558,-0.9009688679024191,2
6,3,apr,sun,91.0,14.6,25.6,12.3,13.7,33,9.4,0.0,61.13,Spring,0,143.5,0.4029411764705882,128.78,0.4294117647058823,4,0.8660254037844387,-0.4999999999999998,7,-2.4492935982947064e-16,1.0,2
5,4,apr,sun,91.0,14.6,25.6,12.3,17.6,27,5.8,0.0,0.0,Spring,0,143.5,0.6285714285714287,102.08,0.5214285714285715,4,0.8660254037844387,-0.4999999999999998,7,-2.4492935982947064e-16,1.0,3
4,3,may,fri,89.6,25.4,73.7,5.7,18.0,40,4.0,0.0,38.48,Spring,0,194.39999999999998,0.43902439024390244,72.0,0.6195121951219512,5,0.49999999999999994,-0.8660254037844387,5,-0.9749279121818236,-0.2225209339563146,3
8,3,jun,mon,88.2,96.2,229.0,4.7,14.3,79,4.0,0.0,1.94,Summer,0,418.09999999999997,0.17875000000000002,57.2,1.2025000000000001,6,1.2246467991473532e-16,-1.0,1,0.7818314824680298,0.6234898018587336,2
9,4,jun,sat,90.5,61.1,252.6,9.4,24.5,50,3.1,0.0,70.32,Summer,0,413.59999999999997,0.4803921568627451,75.95,1.1980392156862745,6,1.2246467991473532e-16,-1.0,6,-0.7818314824680299,0.6234898018587334,0
4,3,jun,thu,93.0,103.8,316.7,10.8,26.4,35,2.7,0.0,10.08,Summer,0,524.3,0.7333333333333333,71.28,2.8833333333333333,6,1.2246467991473532e-16,-1.0,4,-0.433883739117558,-0.9009688679024191,3
2,5,jun,thu,93.7,121.7,350.2,18.0,22.7,40,9.4,0.0,3.19,Summer,0,583.6,0.5536585365853658,213.38,2.9682926829268292,6,1.2246467991473532e-16,-1.0,4,-0.433883739117558,-0.9009688679024191,1
4,3,jul,thu,93.5,85.3,395.0,9.9,27.2,28,1.3,0.0,1.76,Summer,0,583.6999999999999,0.9379310344827586,35.36,2.9413793103448276,7,-0.4999999999999997,-0.8660254037844388,4,-0.433883739117558,-0.9009688679024191,3
4,3,jul,sun,93.7,101.3,423.4,14.7,26.1,45,4.0,0.0,7.36,Summer,0,633.1,0.5673913043478261,104.4,2.2021739130434783,7,-0.4999999999999997,-0.8660254037844388,7,-2.4492935982947064e-16,1.0,3
7,4,jul,sun,93.7,101.3,423.4,14.7,18.2,82,4.5,0.0,2.21,Summer,0,633.1,0.21927710843373494,81.89999999999999,1.2204819277108434,7,-0.4999999999999997,-0.8660254037844388,7,-2.4492935982947064e-16,1.0,2
7,4,jul,mon,89.2,103.9,431.6,6.4,22.6,57,4.9,0.0,278.53,Summer,0,631.1,0.3896551724137931,110.74000000000001,1.7913793103448277,7,-0.4999999999999997,-0.8660254037844388,1,0.7818314824680298,0.6234898018587336,2
9,9,jul,thu,93.2,114.4,560.0,9.5,30.2,25,4.5,0.0,2.75,Summer,0,777.1,1.1615384615384614,135.9,4.4,7,-0.4999999999999997,-0.8660254037844388,4,-0.433883739117558,-0.9009688679024191,0
4,3,jul,thu,93.2,114.4,560.0,9.5,30.2,22,4.9,0.0,0.0,Summer,0,777.1,1.3130434782608695,147.98000000000002,4.9739130434782615,7,-0.4999999999999997,-0.8660254037844388,4,-0.433883739117558,-0.9009688679024191,3
3,4,aug,sun,94.9,130.3,587.1,14.1,23.4,40,5.8,0.0,1.29,Summer,0,826.4000000000001,0.5707317073170731,135.72,3.178048780487805,8,-0.8660254037844385,-0.5000000000000004,7,-2.4492935982947064e-16,1.0,3
8,6,aug,sun,94.9,130.3,587.1,14.1,31.0,27,5.4,0.0,0.0,Summer,0,826.4000000000001,1.1071428571428572,167.4,4.653571428571429,8,-0.8660254037844385,-0.5000000000000004,7,-2.4492935982947064e-16,1.0,0
2,5,aug,sun,94.9,130.3,587.1,14.1,33.1,25,4.0,0.0,26.43,Summer,0,826.4000000000001,1.2730769230769232,132.4,5.011538461538462,8,-0.8660254037844385,-0.5000000000000004,7,-2.4492935982947064e-16,1.0,1
2,4,aug,mon,95.0,135.5,596.3,21.3,30.6,28,3.6,0.0,2.07,Summer,0,848.0999999999999,1.0551724137931036,110.16000000000001,4.672413793103448,8,-0.8660254037844385,-0.5000000000000004,1,0.7818314824680298,0.6234898018587336,1
5,4,aug,tue,95.1,141.3,605.8,17.7,24.1,43,6.3,0.0,2.0,Summer,0,859.9,0.5477272727272727,151.83,3.2113636363636364,8,-0.8660254037844385,-0.5000000000000004,2,0.9749279121818236,-0.22252093395631434,3
5,4,aug,tue,95.1,141.3,605.8,17.7,26.4,34,3.6,0.0,16.4,Summer,0,859.9,0.7542857142857142,95.03999999999999,4.037142857142857,8,-0.8660254037844385,-0.5000000000000004,2,0.9749279121818236,-0.22252093395631434,3
4,4,aug,tue,95.1,141.3,605.8,17.7,19.4,71,7.6,0.0,46.7,Summer,0,859.9,0.26944444444444443,147.43999999999997,1.9625000000000001,8,-0.8660254037844385,-0.5000000000000004,2,0.9749279121818236,-0.22252093395631434,3
4,4,aug,wed,95.1,141.3,605.8,17.7,20.6,58,1.3,0.0,0.0,Summer,0,859.9,0.3491525423728814,26.78,2.3949152542372882,8,-0.8660254037844385,-0.5000000000000004,3,0.43388373911755823,-0.900968867902419,3
4,4,aug,wed,95.1,141.3,605.8,17.7,28.7,33,4.0,0.0,0.0,Summer,0,859.9,0.8441176470588235,114.8,4.155882352941177,8,-0.8660254037844385,-0.5000000000000004,3,0.43388373911755823,-0.900968867902419,3
4,4,aug,thu,95.8,152.0,624.1,13.8,32.4,21,4.5,0.0,0.0,Summer,0,885.7,1.4727272727272727,145.79999999999998,6.909090909090909,8,-0.8660254037844385,-0.5000000000000004,4,-0.433883739117558,-0.9009688679024191,3
1,3,aug,fri,95.9,158.0,633.6,11.3,32.4,27,2.2,0.0,0.0,Summer,0,898.8,1.157142857142857,71.28,5.642857142857143,8,-0.8660254037844385,-0.5000000000000004,5,-0.9749279121818236,-0.2225209339563146,1
1,3,aug,fri,95.9,158.0,633.6,11.3,27.5,29,4.5,0.0,43.32,Summer,0,898.8,0.9166666666666666,123.75,5.266666666666667,8,-0.8660254037844385,-0.5000000000000004,5,-0.9749279121818236,-0.2225209339563146,1
6,6,aug,sat,96.0,164.0,643.0,14.0,30.8,30,4.9,0.0,8.59,Summer,0,917.0,0.9935483870967742,150.92000000000002,5.290322580645161,8,-0.8660254037844385,-0.5000000000000004,6,-0.7818314824680299,0.6234898018587334,2
6,6,aug,mon,96.2,175.5,661.8,16.8,23.9,42,2.2,0.0,0.0,Summer,0,950.3,0.555813953488372,52.58,4.0813953488372094,8,-0.8660254037844385,-0.5000000000000004,1,0.7818314824680298,0.6234898018587336,2
4,5,aug,mon,96.2,175.5,661.8,16.8,32.6,26,3.1,0.0,2.77,Summer,0,950.3,1.2074074074074075,101.06,6.5,8,-0.8660254037844385,-0.5000000000000004,1,0.7818314824680298,0.6234898018587336,3
3,4,aug,tue,96.1,181.1,671.2,14.3,32.3,27,2.2,0.0,14.68,Summer,0,962.7,1.1535714285714285,71.06,6.4678571428571425,8,-0.8660254037844385,-0.5000000000000004,2,0.9749279121818236,-0.22252093395631434,3
6,5,aug,tue,96.1,181.1,671.2,14.3,33.3,26,2.7,0.0,40.54,Summer,0,962.7,1.2333333333333332,89.91,6.707407407407407,8,-0.8660254037844385,-0.5000000000000004,2,0.9749279121818236,-0.22252093395631434,2
7,5,aug,tue,96.1,181.1,671.2,14.3,27.3,63,4.9,6.4,10.82,Summer,1,962.7,0.4265625,133.77,2.8296875,8,-0.8660254037844385,-0.5000000000000004,2,0.9749279121818236,-0.22252093395631434,2
8,6,aug,tue,96.1,181.1,671.2,14.3,21.6,65,4.9,0.8,0.0,Summer,1,962.7,0.32727272727272727,105.84000000000002,2.7439393939393937,8,-0.8660254037844385,-0.5000000000000004,2,0.9749279121818236,-0.22252093395631434,0
7,5,aug,tue,96.1,181.1,671.2,14.3,21.6,65,4.9,0.8,0.0,Summer,1,962.7,0.32727272727272727,105.84000000000002,2.7439393939393937,8,-0.8660254037844385,-0.5000000000000004,2,0.9749279121818236,-0.22252093395631434,2
4,4,aug,tue,96.1,181.1,671.2,14.3,20.7,69,4.9,0.4,0.0,Summer,1,962.7,0.2957142857142857,101.43,2.587142857142857,8,-0.8660254037844385,-0.5000000000000004,2,0.9749279121818236,-0.22252093395631434,3
2,4,aug,wed,94.5,139.4,689.1,20.0,29.2,30,4.9,0.0,1.95,Summer,0,943.0,0.9419354838709677,143.08,4.496774193548387,8,-0.8660254037844385,-0.5000000000000004,3,0.43388373911755823,-0.900968867902419,1
4,3,aug,wed,94.5,139.4,689.1,20.0,28.9,29,4.9,0.0,49.59,Summer,0,943.0,0.9633333333333333,141.61,4.6466666666666665,8,-0.8660254037844385,-0.5000000000000004,3,0.43388373911755823,-0.900968867902419,3
1,2,aug,thu,91.0,163.2,744.4,10.1,26.7,35,1.8,0.0,5.8,Summer,0,1008.6999999999999,0.7416666666666667,48.06,4.533333333333333,8,-0.8660254037844385,-0.5000000000000004,4,-0.433883739117558,-0.9009688679024191,1
1,2,aug,fri,91.0,166.9,752.6,7.1,18.5,73,8.5,0.0,0.0,Summer,0,1017.6,0.25,157.25,2.2554054054054054,8,-0.8660254037844385,-0.5000000000000004,5,-0.9749279121818236,-0.2225209339563146,1
2,4,aug,fri,91.0,166.9,752.6,7.1,25.9,41,3.6,0.0,0.0,Summer,0,1017.6,0.6166666666666666,93.24,3.973809523809524,8,-0.8660254037844385,-0.5000000000000004,5,-0.9749279121818236,-0.2225209339563146,1
1,2,aug,fri,91.0,166.9,752.6,7.1,25.9,41,3.6,0.0,0.0,Summer,0,1017.6,0.6166666666666666,93.24,3.973809523809524,8,-0.8660254037844385,-0.5000000000000004,5,-0.9749279121818236,-0.2225209339563146,1
5,4,aug,fri,91.0,166.9,752.6,7.1,21.1,71,7.6,1.4,2.17,Summer,1,1017.6,0.29305555555555557,160.36,2.3180555555555555,8,-0.8660254037844385,-0.5000000000000004,5,-0.9749279121818236,-0.2225209339563146,3
6,5,aug,fri,91.0,166.9,752.6,7.1,18.2,62,5.4,0.0,0.43,Summer,0,1017.6,0.28888888888888886,98.28,2.649206349206349,8,-0.8660254037844385,-0.5000000000000004,5,-0.9749279121818236,-0.2225209339563146,2
8,6,aug,sun,81.6,56.7,665.6,1.9,27.8,35,2.7,0.0,0.0,Summer,0,805.8000000000001,0.7722222222222223,75.06,1.5750000000000002,8,-0.8660254037844385,-0.5000000000000004,7,-2.4492935982947064e-16,1.0,0
4,3,aug,sun,81.6,56.7,665.6,1.9,27.8,32,2.7,0.0,6.44,Summer,0,805.8000000000001,0.8424242424242424,75.06,1.7181818181818183,8,-0.8660254037844385,-0.5000000000000004,7,-2.4492935982947064e-16,1.0,3
2,4,aug,sun,81.6,56.7,665.6,1.9,21.9,71,5.8,0.0,54.29,Summer,0,805.8000000000001,0.30416666666666664,127.01999999999998,0.7875000000000001,8,-0.8660254037844385,-0.5000000000000004,7,-2.4492935982947064e-16,1.0,1
7,4,aug,sun,81.6,56.7,665.6,1.9,21.2,70,6.7,0.0,11.16,Summer,0,805.8000000000001,0.29859154929577464,142.04,0.7985915492957747,8,-0.8660254037844385,-0.5000000000000004,7,-2.4492935982947064e-16,1.0,2
1,4,aug,sat,94.4,146.0,614.7,11.3,25.6,42,4.0,0.0,0.0,Summer,0,866.4,0.5953488372093023,102.4,3.395348837209302,8,-0.8660254037844385,-0.5000000000000004,6,-0.7818314824680299,0.6234898018587334,1
6,3,nov,tue,79.5,3.0,106.7,1.1,11.8,31,4.5,0.0,0.0,Autumn,0,190.29999999999998,0.36875,53.1,0.09375,11,-0.5000000000000004,0.8660254037844384,2,0.9749279121818236,-0.22252093395631434,2
